,Unnamed: 0,duration1,duration0,duration3,duration2,apviewers2,apviewers3,apviewers0,apviewers1,program0,program1,program2,program3,airtime1,airtime0,papviewers3,airtime3,papviewers2,airtime2,papviewers1,papviewers0,paviewers0,paviewers1,paviewers2,paviewers3,episode1,episode0,episode3,episode2,aviewers3,aviewers2,aviewers1,aviewers0,network,inaduration,inaprogram,inaairtime,inaviewers,inpaviewers,inaepisode,inapprogram,inapduration,inpapviewers,inapviewers,inapairtime,inapepisode,outpaviewers,outaviewers,outaepisode,outaprogram,outaduration,outaairtime,outpapviewers,outapprogram,outapduration,outapairtime,outapepisode,outapviewers,slhimpressions,sl7hunduplicated_reach,slhfrequency,slafrequency,sl3ptotal_reach,blhconversion,slhduplicated_reach,slaptotal_reach,sl7aduplicated_reach,bl3hfrequency,slhtotal_reach,blptotal_reach,sl7apunduplicated_reach,sl7pduplicated_reach,sl3hfrequency,sl7pimpressions,bl3hcv_rate,bl7atotal_reach,sl3aduplicated_reach,blhunduplicated_reach,sl3himpressions,bl7aimpressions,blapimpressions,bl7aunduplicated_reach,slpconversion,slhcv_rate,sl7apduplicated_reach,bl3aconversion,sl7aimpressions,blpunduplicated_reach,bl3hunduplicated_reach,slpunduplicated_reach,bl7pimpressions,bl7pduplicated_reach,blacv_rate,bl7hunduplicated_reach,sl3pcv_rate,blapcv_rate,slptotal_reach,sl3hduplicated_reach,bl3aduplicated_reach,bl3himpressions,slapconversion,blhtotal_reach,blhimpressions,sl3pfrequency,slhconversion,bl7ptotal_reach,bl7hcv_rate,bl7hfrequency,slapfrequency,sl7punduplicated_reach,sl3pduplicated_reach,sl7apcv_rate,sl3hunduplicated_reach,bl7apunduplicated_reach,bl3ptotal_reach,sl7hfrequency,slapcv_rate,bl7hduplicated_reach,blaunduplicated_reach,sl3apduplicated_reach,bl3aunduplicated_reach,sl3aptotal_reach,blpfrequency,bl3atotal_reach,sl3apconversion,slpduplicated_reach,sl7afrequency,slatotal_reach,sl3afrequency,bl3afrequency,sl3punduplicated_reach,slaconversion,blapunduplicated_reach,bl3aptotal_reach,bl7acv_rate,sl7acv_rate,bl3pimpressions,blaconversion,sl7aptotal_reach,bl3pfrequency,blapduplicated_reach,bl3pduplicated_reach,sl3apcv_rate,bl3acv_rate,sl7apfrequency,sl7hcv_rate,blaimpressions,sl3aconversion,bl7himpressions,slpfrequency,sl3acv_rate,sl3pconversion,bl7htotal_reach,sl7himpressions,sl3atotal_reach,bl7hconversion,blaptotal_reach,slpcv_rate,sl7ptotal_reach,slapunduplicated_reach,blpconversion,blpcv_rate,bl3apconversion,bl3apfrequency,bl7aptotal_reach,sl7apimpressions,bl3hconversion,bl3pcv_rate,bl7apimpressions,sl7hconversion,bl7apduplicated_reach,sl3hcv_rate,bl7afrequency,sl3aunduplicated_reach,sl3pimpressions,blapconversion,bl7pconversion,sl3apimpressions,bl7pcv_rate,bl3apimpressions,bl3punduplicated_reach,bl7apcv_rate,sl7apconversion,bl3htotal_reach,slhunduplicated_reach,sl7pcv_rate,bl7pfrequency,bl3apduplicated_reach,slpimpressions,slaimpressions,blpduplicated_reach,blafrequency,blhduplicated_reach,bl7punduplicated_reach,bl3apcv_rate,sl7aconversion,blapfrequency,bl3pconversion,sl3hconversion,sladuplicated_reach,sl7pfrequency,sl3htotal_reach,bl7aconversion,blatotal_reach,sl7aunduplicated_reach,slapduplicated_reach,bl7apconversion,sl7atotal_reach,slacv_rate,bladuplicated_reach,bl3apunduplicated_reach,blpimpressions,bl7aduplicated_reach,bl3aimpressions,sl7htotal_reach,bl7apfrequency,sl7hduplicated_reach,blhcv_rate,blhfrequency,bl3hduplicated_reach,slapimpressions,sl3apfrequency,sl7pconversion,sl3apunduplicated_reach,sl3aimpressions,slaunduplicated_reach
0,0,0,120,0,0,0,0,2006444,0,SECRETS AND LIES,,,,0,2016-02-21 21:00:00,0,0,0,0,0,6.5522,5.099,0,0,0,,,,,0,0,0,3596554,ABC,60,ONCE UPON A TIME,8:00:00 PM,3994,0.8883,,,0,0,0,0,,0,0,,,0,0,0,,0,0,,0,0,0,0,0,0,0,0,0,0,0,0,0,0,0,0,0,0,0,0,0,0,0,0,0,0,0,0,0,0,0,0,0,0,0,0,0,0,0,0,0,0,0,0,0,0,0,0,0,0,0,0,0,0,0,0,0,0,0,0,0,0,0,0,0,0,0,0,0,0,0,0,0,0,0,0,0,0,0,0,0,0,0,0,0,0,0,0,0,0,0,0,0,0,0,0,0,0,0,0,0,0,0,0,0,0,0,0,0,0,0,0,0,0,0,0,0,0,0,0,0,0,0,0,0,0,0,0,0,0,0,0,0,0,0,0,0,0,0,0,0,0,0,0,0,0,0,0,0,0,0,0,0,0,0,0,0,0,0,0,0,0,0,0,0,0,0,0,0
1,1,0,120,0,0,0,0,367985,0,SUNDAY MOVIE,,,,0,2016-02-21 20:00:00,0,0,0,0,0,1.2017,1.269,0,0,0,,"LUCKY ONE, THE",,,0,0,0,895073,ABCFAM,0,,0,0,0,,,0,0,0,0,,5.2485,22946,YOU AGAIN,SUNDAY MOVIE,120,10:00:00 PM,0,,0,0,,0,169296,78136,1.31,1.35,152930,0,56359,39013,23795,0,129223,0,27928,42531,1.33,211532,0,0,23795,0,181782,0,0,0,0,0.002,14972,0,122365,0,0,105216,0,0,0,0,0,0,146092,58862,0,0,0,0,0,1.38,255,0,0,0,1.38,110399,42531,0,78136,0,0,1.33,0,0,0,14972,0,42900,0,0,0,40876,1.38,83321,1.38,0,110399,0,0,0,0,0,0,0,42900,0,0,0,0,0,1.44,0.0019,0,0,0,1.36,0,0,0,182110,88517,0,0,0,152930,24041,0,0,0,0,0,61578,0,0,0,255,0,0.0019,0,64722,211207,0,0,61578,0,0,0,0,0,0,72864,0,0,0,199359,112725,0,0,0,0,0,0,0,0,255,23511,1.38,136998,0,0,64722,14972,0,88517,0,0,0,0,0,0,136998,0,58862,0,0,0,53697,1.44,0,27928,122365,59810
2,2,31,30,0,0,0,0,249897,229340,STORAGE WARS,STORAGE WARS,,,2016-02-21 21:30:00,2016-02-21 21:00:00,0,0,0,0,0.7489,0.8161,0.7013,0.6796,0,0,MR. NEZHODAS OPUS 149,LOCKER MOUNTAIN HIGH 147,,,0,0,479372,494664,AETV,0,,0,0,0,,,0,0,0,0,,0,0,,,0,0,0,,0,0,,0,756172,177860,1.55,1.58,607053,0,313138,157831,134000,0,486491,0,82059,325422,1.57,964439,0,0,133669,0,786011,0,0,0,10821,0.0214,81488,0,440258,0,0,271357,0,0,0,0,0.0188,0,589043,321675,0,0,2143,0,0,1.59,10397,0,0,0,1.63,281962,325091,0.0166,177861,0,0,1.57,0.0136,0,0,81488,0,163547,0,0,2717,317686,1.61,265112,1.61,0,281962,2143,0,0,0,0.0099,0,0,163547,0,0,0,0.0166,0,1.68,0.0218,0,2717,0,1.57,0.01,11395,0,786384,272745,0,0,0.0184,607384,77711,0,0,0,0,0,274665,0,0,0,10905,0,0.0218,0,139076,964005,0,0,274665,0,0,0,0,2717,0,173353,0.0188,0,0,927503,419815,0,0,0,0,0,2717,0,0,10905,130548,1.59,499536,0,0,139076,80120,0,273076,0.0081,0,0,0,0,0,499828,0,321968,0,0,0,257202,1.68,11395,82059,439825,134564
3,3,0,60,0,0,0,0,59404,0,DAWN OF THE APOCALYPSE,,,,0,2016-02-21 21:00:00,0,0,0,0,0,0.194,0.1561,0,0,0,,,,,0,0,0,110084,AHC,0,,0,0,0,,,0,0,0,0,,4.2968,18785,,SECRETS OF THE BIBLE,60,10:00:00 PM,2.1171,SECRETS OF THE BIBLE,60,10:00:00 PM,,3809,498567,152211,1.4,1.34,400392,0,193349,103614,99586,0,355452,0,58490,194482,1.41,542989,0,0,99586,0,503516,0,0,0,0,0.0154,45629,0,260239,0,0,208958,0,0,0,0,0,0,397529,206019,0,0,0,0,0,1.36,5478,0,0,0,1.39,205910,194482,0,152211,0,0,1.41,0,0,0,45629,0,104119,0,0,0,188571,1.34,193045,1.34,0,205910,0,0,0,0,0,0,0,104119,0,0,0,0,0,1.4,0.0404,0,0,0,1.35,0,0,0,503516,193550,0,0,0,400392,57985,0,0,0,0,0,145801,0,0,0,14478,0,0.0404,0,93964,542989,0,0,145801,0,0,0,0,0,0,162103,0,0,0,538516,258859,0,0,0,0,0,0,0,0,14478,99144,1.36,358230,0,0,93964,45629,0,193550,0,0,0,0,0,0,358230,0,206019,0,0,0,144421,1.4,0,58490,260239,93901
4,4,0,60,0,0,0,0,3554,0,FAULT LINES,,,,0,2016-02-21 21:00:00,0,0,0,0,0,0.0116,0.005,0,0,0,,MEXICO DISAPPEARED,,,0,0,0,3554,ALJAZEERA,0,,0,0,0,,,0,0,0,0,,0,0,,,0,0,0,,0,0,,0,0,0,0,0,0,0,0,0,0,0,0,0,0,0,0,0,0,0,0,0,0,0,0,0,0,0,0,0,0,0,0,0,0,0,0,0,0,0,0,0,0,0,0,0,0,0,0,0,0,0,0,0,0,0,0,0,0,0,0,0,0,0,0,0,0,0,0,0,0,0,0,0,0,0,0,0,0,0,0,0,0,0,0,0,0,0,0,0,0,0,0,0,0,0,0,0,0,0,0,0,0,0,0,0,0,0,0,0,0,0,0,0,0,0,0,0,0,0,0,0,0,0,0,0,0,0,0,0,0,0,0,0,0,0,0,0,0,0,0,0,0,0,0,0,0,0,0,0,0,0,0,0,0,0,0,0,0,0,0,0,0,0,0,0,0,0,0,0
5,5,0,61,0,0,0,0,2672231,0,WALKING DEAD,,,,0,2016-02-21 21:00:00,0,0,0,0,0,8.7264,8.432,0,0,0,,512 REMEMBER,,,0,0,0,5947509,AMC,0,,0,0,0,,,0,0,0,0,,3.5701,15608,512,TALKING DEAD,59,10:01:00 PM,6.7821,TALKING DEAD,59,10:01:00 PM,512,12202,540667,172775,1.39,1.44,492606,0,218663,87632,62834,0,388872,0,55719,199655,1.39,701023,0,0,62834,0,547093,0,0,0,1378,0.0051,33936,0,261523,0,0,290611,0,0,0,0,0.0119,0,488106,220074,0,0,0,0,0,1.42,1990,0,0,0,1.5,293281,199655,0,172775,0,0,1.39,0,0,0,33936,0,89655,0,0,0,197495,1.45,177295,1.45,0,292951,0,0,0,0,0,0,0,89655,0,0,0,0,0,1.51,0.0163,0,0,0,1.42,0,5862,0,547957,180425,0,0,0.0028,492936,54129,0,0,0,0,0,135195,0,0,0,6395,0,0.0163,0,117591,700177,0,0,135195,0,0,0,0,0,0,170209,0.0119,0,0,691715,255445,0,0,0,0,0,0,0,0,6395,62044,1.42,392849,0,0,117591,33503,0,180425,0,0,0,0,0,0,392849,0,220074,0,0,0,131832,1.51,5862,55719,261523,115251
6,6,0,60,0,0,0,0,188288,0,NORTH WOODS LAW: ON HUNT,,,,0,2016-02-21 21:00:00,0,0,0,0,0,0.6149,0.5334,0,0,0,,,,,0,0,0,376228,APL,0,,0,0,0,,,0,0,0,0,,0,0,,,0,0,0,,0,0,,0,393406,161557,1.17,1.22,363915,0,164087,88317,42102,0,335084,0,68878,130237,1.17,444166,0,0,42102,0,393406,0,0,0,0,0,19439,0,209054,0,0,233678,0,0,0,0,0,0,363915,173527,0,0,0,0,0,1.22,0,0,0,0,1.22,233678,130237,0,161557,0,0,1.17,0,0,0,19439,0,88317,0,0,0,130237,1.22,171397,1.22,0,233678,0,0,0,0,0,0,0,88317,0,0,0,0,0,1.22,0,0,0,0,1.22,0,0,0,393406,171397,0,0,0,363915,68878,0,0,0,0,0,107455,0,0,0,0,0,0,0,129295,444166,0,0,107455,0,0,0,0,0,0,170997,0,0,0,444166,209054,0,0,0,0,0,0,0,0,0,42102,1.22,335084,0,0,129295,19439,0,171397,0,0,0,0,0,0,335084,0,173527,0,0,0,107455,1.22,0,68878,209054,129295
7,7,0,59,0,0,0,0,9806,0,EXTRANORMAL IMPACTO PT,,,,0,2016-02-21 21:01:00,0,0,0,0,0,0.032,0.2166,0,0,0,,,,,0,0,0,152764,AZTECA,0,,0,0,0,,,0,0,0,0,,0,0,,,0,0,0,,0,0,,0,0,0,0,0,0,0,0,0,0,0,0,0,0,0,0,0,0,0,0,0,0,0,0,0,0,0,0,0,0,0,0,0,0,0,0,0,0,0,0,0,0,0,0,0,0,0,0,0,0,0,0,0,0,0,0,0,0,0,0,0,0,0,0,0,0,0,0,0,0,0,0,0,0,0,0,0,0,0,0,0,0,0,0,0,0,0,0,0,0,0,0,0,0,0,0,0,0,0,0,0,0,0,0,0,0,0,0,0,0,0,0,0,0,0,0,0,0,0,0,0,0,0,0,0,0,0,0,0,0,0,0,0,0,0,0,0,0,0,0,0,0,0,0,0,0,0,0,0,0,0,0,0,0,0,0,0,0,0,0,0,0,0,0,0,0,0,0,0
8,8,0,60,0,0,0,0,29139,0,DOCTOR WHO,,,,0,2016-02-21 21:00:00,0,0,0,0,0,0.0952,0.1162,0,0,0,,,,,0,0,0,81978,BBCA,60,DOCTOR WHO,8:00:00 PM,2722,0.6054,,DOCTOR WHO,60,1.3352,2722,8:00:00 PM,,0.6226,2722,,DOCTOR WHO,60,10:00:00 PM,1.5129,DOCTOR WHO,60,10:00:00 PM,,2722,87868,28749,1.45,1.54,83761,0,35568,27529,24845,0,60592,0,10031,41220,1.45,124873,0,0,24845,0,94197,0,0,0,202,0.0035,18563,0,67396,0,0,40822,0,0,0,0,0.0024,0,78327,36330,0,0,202,0,0,1.46,212,0,0,0,1.62,44367,39395,0.0071,28749,0,0,1.44,0.0073,0,0,18563,0,28594,0,0,202,37505,1.53,41588,1.53,0,44366,202,0,0,0,0.0046,0,0,28594,0,0,0,0.0071,0,1.61,0.0032,0,202,0,1.46,0.0046,202,0,96438,43962,0,0,0.0026,85587,10458,0,0,0,0,0,46141,0,0,0,212,0,0.0033,0,19117,122563,0,0,46141,0,0,0,0,202,0,25024,0.0024,0,0,114301,64244,0,0,0,0,0,202,0,0,212,23354,1.46,65079,0,0,19117,17071,0,43962,0.0049,0,0,0,0,0,66872,0,38123,0,0,0,44712,1.61,202,10031,67396,18234
9,9,0,120,0,0,0,0,4404,0,LA LIGA BBVA - R,,,,0,2016-02-21 21:00:00,0,0,0,0,0,0.0144,0.0603,0,0,0,,REAL MADRID VS. VILLAREAL,,,0,0,0,42509,BEIE,0,,0,0,0,,,0,0,0,0,,0,0,,,0,0,0,,0,0,,0,0,0,0,0,0,0,0,0,0,0,0,0,0,0,0,0,0,0,0,0,0,0,0,0,0,0,0,0,0,0,0,0,0,0,0,0,0,0,0,0,0,0,0,0,0,0,0,0,0,0,0,0,0,0,0,0,0,0,0,0,0,0,0,0,0,0,0,0,0,0,0,0,0,0,0,0,0,0,0,0,0,0,0,0,0,0,0,0,0,0,0,0,0,0,0,0,0,0,0,0,0,0,0,0,0,0,0,0,0,0,0,0,0,0,0,0,0,0,0,0,0,0,0,0,0,0,0,0,0,0,0,0,0,0,0,0,0,0,0,0,0,0,0,0,0,0,0,0,0,0,0,0,0,0,0,0,0,0,0,0,0,0,0,0,0,0,0,0
10,10,0,60,0,0,0,0,5728,0,EXPRESS XTRA WKND - R,,,,0,2016-02-21 21:00:00,0,0,0,0,0,0.0187,0.0187,0,0,0,,XTRA WEEKEND - R,,,0,0,0,13188,BEIN,0,,0,0,0,,,0,0,0,0,,0,0,,,0,0,0,,0,0,,0,0,0,0,0,0,0,0,0,0,0,0,0,0,0,0,0,0,0,0,0,0,0,0,0,0,0,0,0,0,0,0,0,0,0,0,0,0,0,0,0,0,0,0,0,0,0,0,0,0,0,0,0,0,0,0,0,0,0,0,0,0,0,0,0,0,0,0,0,0,0,0,0,0,0,0,0,0,0,0,0,0,0,0,0,0,0,0,0,0,0,0,0,0,0,0,0,0,0,0,0,0,0,0,0,0,0,0,0,0,0,0,0,0,0,0,0,0,0,0,0,0,0,0,0,0,0,0,0,0,0,0,0,0,0,0,0,0,0,0,0,0,0,0,0,0,0,0,0,0,0,0,0,0,0,0,0,0,0,0,0,0,0,0,0,0,0,0,0
11,11,0,150,0,0,0,0,477653,0,"BET HONORS, THE",,,,0,2016-02-21 19:30:00,0,0,0,0,0,1.5598,1.3039,0,0,0,,BET HONORS 2015 EN2,,,0,0,0,919681,BET,0,,0,0,0,,,0,0,0,0,,0,0,,,0,0,0,,0,0,,0,36138,5615,1.45,1.33,30402,24821,21619,4323,4858,2.76,24950,1324256,0,23848,1.43,44328,0.0413,419082,4858,469089,39015,1319527,585132,248508,0,0,4323,5822,10108,784154,495631,4232,4451182,546890,0.0143,495631,0,0.0263,28080,21619,170574,2701465,0,943796,2627772,1.46,0,1356336,0.0413,2.76,1.33,6554,23848,0,5615,120112,1356336,1.43,0,481705,238736,4323,248508,4323,3.3,419082,0,23848,1.33,5272,1.33,3.15,6554,0,122012,220973,0.0139,0,4451182,5822,4323,3.28,98961,546890,0,0.0139,1.33,0,1287847,0,2701465,1.47,0,0,977336,39015,7593,40397,220973,0,30402,0,25092,0.0189,5822,2.69,220973,5771,40397,0.0185,593394,0,100861,0,3.15,2735,44328,5822,25092,5771,0.0185,593394,809446,0.0263,0,977336,3331,0,3.28,100861,41250,7030,540102,3.16,474707,809446,0.0263,0,2.65,25092,0,4858,1.46,27234,5822,407410,2735,4323,5822,7593,0,168674,120112,4375723,170574,1319527,27234,2.69,21619,0.0263,2.78,481705,5771,1.33,0,0,10108,414
12,12,30,30,0,0,0,0,23838,8155,CHOWDER,CHOWDER,,,2016-02-21 21:30:00,2016-02-21 21:00:00,0,0,0,0,0.0266,0.0778,0.0893,0.047,0,0,,,,,0,0,33120,62954,BOOMERANG,0,,0,0,0,,,0,0,0,0,,0,0,,,0,0,0,,0,0,,0,0,0,0,0,0,0,0,0,0,0,0,0,0,0,0,0,0,0,0,0,0,0,0,0,0,0,0,0,0,0,0,0,0,0,0,0,0,0,0,0,0,0,0,0,0,0,0,0,0,0,0,0,0,0,0,0,0,0,0,0,0,0,0,0,0,0,0,0,0,0,0,0,0,0,0,0,0,0,0,0,0,0,0,0,0,0,0,0,0,0,0,0,0,0,0,0,0,0,0,0,0,0,0,0,0,0,0,0,0,0,0,0,0,0,0,0,0,0,0,0,0,0,0,0,0,0,0,0,0,0,0,0,0,0,0,0,0,0,0,0,0,0,0,0,0,0,0,0,0,0,0,0,0,0,0,0,0,0,0,0,0,0,0,0,0,0,0,0
13,13,0,120,0,0,0,0,169153,0,SUN MOVIE PT B,,,,0,2016-02-21 21:00:00,0,0,0,0,0,0.5524,0.4782,0,0,0,,FOREIGNER 2: BLACK DAWN,,,0,0,0,337277,BOUNCE,0,,0,0,0,,,0,0,0,0,,0,0,,,0,0,0,,0,0,,0,0,0,0,0,0,0,0,0,0,0,0,0,0,0,0,0,0,0,0,0,0,0,0,0,0,0,0,0,0,0,0,0,0,0,0,0,0,0,0,0,0,0,0,0,0,0,0,0,0,0,0,0,0,0,0,0,0,0,0,0,0,0,0,0,0,0,0,0,0,0,0,0,0,0,0,0,0,0,0,0,0,0,0,0,0,0,0,0,0,0,0,0,0,0,0,0,0,0,0,0,0,0,0,0,0,0,0,0,0,0,0,0,0,0,0,0,0,0,0,0,0,0,0,0,0,0,0,0,0,0,0,0,0,0,0,0,0,0,0,0,0,0,0,0,0,0,0,0,0,0,0,0,0,0,0,0,0,0,0,0,0,0,0,0,0,0,0,0
14,14,0,60,0,0,0,0,619541,0,THICKER THAN WATER,,,,0,2016-02-21 21:00:00,0,0,0,0,0,2.0232,1.5597,0,0,0,,207 TANKARD ROAD DIARIES,,,0,0,0,1100108,BRAVO,60,REAL HOUSEWIVES ATLANTA,8:00:00 PM,29319,6.5211,715 CHOCOLATE DOES A BODY GOOD,REAL HOUSEWIVES ATLANTA,60,10.7332,21881,8:00:00 PM,715 CHOCOLATE DOES A BODY GOOD,4.8137,21045,811 ROMEO MILLER,MILLIONAIRE MATCHMAKER,60,10:00:00 PM,11.6972,MILLIONAIRE MATCHMAKER,60,10:00:00 PM,811 ROMEO MILLER,21045,99865,32432,1.42,1.43,80645,0,40317,27098,27353,0,70512,0,7498,40471,1.43,121425,0,0,27353,0,109423,0,0,0,0,0,19928,0,70976,0,0,37912,0,0,0,0,0,0,74695,43996,0,0,0,0,0,1.51,0,0,0,0,1.47,40174,40471,0,32432,0,0,1.43,0,0,0,19928,0,27426,0,0,0,36783,1.46,45592,1.46,0,40174,0,0,0,0,0,0,0,27426,0,0,0,0,0,1.47,0.013,0,0,0,1.5,0,0,0,109423,48559,0,0,0,80645,7170,0,0,0,0,0,40314,0,0,0,990,0,0.013,0,21206,121425,0,0,40314,0,0,0,0,0,0,30195,0,0,0,111691,65162,0,0,0,0,0,0,0,0,990,25526,1.51,76428,0,0,21206,19928,0,48559,0,0,0,0,0,0,76428,0,43996,0,0,0,39874,1.47,0,7498,70976,20066
15,15,30,30,0,0,0,0,135297,150536,KING OF THE HILL,BOBS BURGERS,,,2016-02-21 21:30:00,2016-02-21 21:00:00,0,0,0,0,0.4916,0.4418,0.6392,0.6532,0,0,,,,,0,0,460735,450832,CARTOON,30,KING OF THE HILL,8:30:00 PM,20216,4.4963,,,0,0,0,0,,0,0,,,0,0,0,,0,0,,0,0,0,0,0,0,0,0,0,0,0,0,0,0,0,0,0,0,0,0,0,0,0,0,0,0,0,0,0,0,0,0,0,0,0,0,0,0,0,0,0,0,0,0,0,0,0,0,0,0,0,0,0,0,0,0,0,0,0,0,0,0,0,0,0,0,0,0,0,0,0,0,0,0,0,0,0,0,0,0,0,0,0,0,0,0,0,0,0,0,0,0,0,0,0,0,0,0,0,0,0,0,0,0,0,0,0,0,0,0,0,0,0,0,0,0,0,0,0,0,0,0,0,0,0,0,0,0,0,0,0,0,0,0,0,0,0,0,0,0,0,0,0,0,0,0,0,0,0,0,0,0,0,0,0,0,0,0,0,0,0,0,0,0,0,0,0,0,0
16,16,0,60,0,0,0,0,1630069,0,"GOOD WIFE, THE",,,,0,2016-02-21 21:00:00,0,0,0,0,0,5.3231,3.4451,0,0,0,,,,,0,0,0,2429986,CBS,60,MADAM SECRETARY,8:00:00 PM,15586,3.4666,,MADAM SECRETARY,60,7.6452,15586,8:00:00 PM,,2.0925,9148,,BATTLE CREEK,60,10:00:00 PM,2.6418,BATTLE CREEK,60,10:00:00 PM,,4753,0,0,0,0,0,0,0,0,0,0,0,0,0,0,0,0,0,0,0,0,0,0,0,0,0,0,0,0,0,0,0,0,0,0,0,0,0,0,0,0,0,0,0,0,0,0,0,0,0,0,0,0,0,0,0,0,0,0,0,0,0,0,0,0,0,0,0,0,0,0,0,0,0,0,0,0,0,0,0,0,0,0,0,0,0,0,0,0,0,0,0,0,0,0,0,0,0,0,0,0,0,0,0,0,0,0,0,0,0,0,0,0,0,0,0,0,0,0,0,0,0,0,0,0,0,0,0,0,0,0,0,0,0,0,0,0,0,0,0,0,0,0,0,0,0,0,0,0,0,0,0,0,0,0,0,0,0,0,0,0,0,0,0,0,0,0,0,0
17,17,0,180,0,0,0,0,40550,0,MOVIE OF THE WEEK 2HR,,,,0,2016-02-21 20:00:00,0,0,0,0,0,0.1324,0.1004,0,0,0,,GEORGE MCKENNA STORY,,,0,0,0,70782,CENTRIC,0,,0,0,0,,,0,0,0,0,,0,0,,,0,0,0,,0,0,,0,67308,7239,2.28,1.72,41813,0,22748,11505,6169,0,29560,0,6184,21518,2.29,113514,0,0,6169,0,68530,0,0,0,0,0,5982,0,28064,0,0,20146,0,0,0,0,0,0,41450,22953,0,0,0,0,0,2.69,0,0,0,0,1.64,20921,21518,0,6956,0,0,2.28,0,0,0,5982,0,11868,0,0,0,21304,1.76,15258,1.77,0,20295,0,0,0,0,0,0,0,12166,0,0,0,0,0,1.7,0,0,0,0,2.68,0,0,0,68911,15620,0,0,0,42439,5736,0,0,0,0,0,20695,0,0,0,0,0,0,0,9451,112612,0,0,20271,0,0,0,0,0,0,6812,0,0,0,111264,26292,0,0,0,0,0,0,0,0,0,5956,2.67,29909,0,0,9749,5769,0,15918,0,0,0,0,0,0,30192,0,22953,0,0,0,18923,1.71,0,5886,27640,9302
18,18,0,60,0,0,0,0,10128,0,X-FILES,,,,0,2016-02-21 21:00:00,0,0,0,0,0,0.0331,0.0278,0,0,0,,211 EXCELSIUS DEI,,,0,0,0,19636,CHILLER,0,,0,0,0,,,0,0,0,0,,0,0,,,0,0,0,,0,0,,0,18238,3502,1.38,1.47,9527,0,9754,5995,2572,0,13256,0,3423,5765,1.38,13865,0,0,2572,0,18238,0,0,0,0,0,2572,0,8818,0,0,3762,0,0,0,0,0,0,9527,9754,0,0,0,0,0,1.46,0,0,0,0,1.47,3762,5765,0,3502,0,0,1.38,0,0,0,2572,0,5995,0,0,0,5765,1.47,5995,1.47,0,3762,0,0,0,0,0,0,0,5995,0,0,0,0,0,1.47,0,0,0,0,1.46,0,0,0,18238,5995,0,0,0,9527,3423,0,0,0,0,0,8818,0,0,0,0,0,0,0,3423,13865,0,0,8818,0,0,0,0,0,0,3502,0,0,0,13865,8818,0,0,0,0,0,0,0,0,0,2572,1.46,13256,0,0,3423,2572,0,5995,0,0,0,0,0,0,13256,0,9754,0,0,0,8818,1.47,0,3423,8818,3423
19,19,0,60,0,0,0,0,6121,0,SUITS,,,,0,2016-02-21 21:00:00,0,0,0,0,0,0.02,0.0087,0,0,0,,309 BAD FAITH,,,0,0,0,6121,CLOO,0,,0,0,0,,,0,0,0,0,,0,0,,,0,0,0,,0,0,,0,15575,3178,1.7,2.03,11166,0,5977,4983,4983,0,9155,0,0,8004,1.7,18265,0,0,4983,0,15575,0,0,0,0,0,4983,0,10127,0,0,3162,0,0,0,0,0,0,11166,5977,0,0,0,0,0,1.64,0,0,0,0,2.03,3162,8004,0,3178,0,0,1.7,0,0,0,4983,0,4983,0,0,0,8004,2.03,4983,2.03,0,3162,0,0,0,0,0,0,0,4983,0,0,0,0,0,2.03,0,0,0,0,1.64,0,0,0,15575,4983,0,0,0,11166,0,0,0,0,0,0,10127,0,0,0,0,0,0,0,0,18265,0,0,10127,0,0,0,0,0,0,3178,0,0,0,18265,10127,0,0,0,0,0,0,0,0,0,4983,1.64,9155,0,0,0,4983,0,4983,0,0,0,0,0,0,9155,0,5977,0,0,0,10127,2.03,0,0,10127,0
20,20,0,120,0,0,0,0,221259,0,CMT MOVIES,,,,0,2016-02-21 21:00:00,0,0,0,0,0,0.7225,0.6927,0,0,0,,ACE VENTURA PET DETECTIVE,,,0,0,0,488584,CMTV,0,,0,0,0,,,0,0,0,0,,0,0,,,0,0,0,,0,0,,0,11597,1659,1.36,1.33,8895,0,6840,3071,6216,2.01,8499,1344902,1624,7271,1.36,12462,0,709404,6216,571309,11597,1303514,586706,446818,507,0.0566,1447,0,10427,889635,601306,1624,2945651,473050,0,586000,0.057,0,8895,6840,244803,2173606,0,1051262,2095213,1.4,481,1416448,0,2.01,1.33,1624,7271,0,1659,176454,1398664,1.36,0,512362,404562,1447,446817,3071,2.08,691620,0,7271,1.33,7839,1.33,1.86,1624,507,174583,300014,0,0.0647,2926909,0,3071,2.09,123560,455267,0,0,1.33,0.0566,1192224,507,2203214,1.4,0.0647,507,1098362,11597,7839,0,298143,0.057,8895,1624,0,0,0,2.08,300014,4088,0,0,624432,481,123560,0.0566,1.84,1623,12462,0,0,4088,0,624432,943397,0,0,1081796,1659,0.057,2.08,123560,12462,10427,455267,1.84,479953,943398,0,507,1.97,0,481,6216,1.4,8499,0,649365,1623,1447,0,7839,0.0647,244803,176454,2794269,262586,1284772,8499,2.08,6840,0,1.99,480490,4088,1.33,507,1624,10427,1623
21,21,0,60,0,0,0,0,82724,0,MARIJUANA COUNTRY,,,,0,2016-02-21 21:00:00,0,0,0,0,0,0.2701,0.2582,0,0,0,,,,,0,0,0,182154,CNBC,0,,0,0,0,,,0,0,0,0,,0,0,,,0,0,0,,0,0,,0,0,0,0,0,0,0,0,0,0,0,0,0,0,0,0,0,0,0,0,0,0,0,0,0,0,0,0,0,0,0,0,0,0,0,0,0,0,0,0,0,0,0,0,0,0,0,0,0,0,0,0,0,0,0,0,0,0,0,0,0,0,0,0,0,0,0,0,0,0,0,0,0,0,0,0,0,0,0,0,0,0,0,0,0,0,0,0,0,0,0,0,0,0,0,0,0,0,0,0,0,0,0,0,0,0,0,0,0,0,0,0,0,0,0,0,0,0,0,0,0,0,0,0,0,0,0,0,0,0,0,0,0,0,0,0,0,0,0,0,0,0,0,0,0,0,0,0,0,0,0,0,0,0,0,0,0,0,0,0,0,0,0,0,0,0,0,0,0
22,22,0,60,0,0,0,0,248446,0,FINDING JESUS,,,,0,2016-02-21 21:00:00,0,0,0,0,0,0.8113,0.8561,0,0,0,,SHROUD OF TURIN,,,0,0,0,603829,CNN,0,,0,0,0,,,0,0,0,0,,0,0,,,0,0,0,,0,0,,0,0,0,0,0,0,0,0,0,0,0,0,0,0,0,0,0,0,0,0,0,0,0,0,0,0,0,0,0,0,0,0,0,0,0,0,0,0,0,0,0,0,0,0,0,0,0,0,0,0,0,0,0,0,0,0,0,0,0,0,0,0,0,0,0,0,0,0,0,0,0,0,0,0,0,0,0,0,0,0,0,0,0,0,0,0,0,0,0,0,0,0,0,0,0,0,0,0,0,0,0,0,0,0,0,0,0,0,0,0,0,0,0,0,0,0,0,0,0,0,0,0,0,0,0,0,0,0,0,0,0,0,0,0,0,0,0,0,0,0,0,0,0,0,0,0,0,0,0,0,0,0,0,0,0,0,0,0,0,0,0,0,0,0,0,0,0,0,0
23,23,30,30,0,0,0,0,96860,118921,SOUTH PARK,SOUTH PARK,,,2016-02-21 21:30:00,2016-02-21 21:00:00,0,0,0,0,0.3883,0.3163,0.5027,0.5221,0,0,1306 SOUTH PARK,SOUTH PARK 607,,,0,0,368277,354568,COMEDY,30,SOUTH PARK,8:30:00 PM,1997,0.4442,SOUTH PARK 606,SOUTH PARK,30,0.9796,1997,8:30:00 PM,SOUTH PARK 606,3.2428,14177,IMAGINATION LAND,SOUTH PARK,90,10:00:00 PM,1.11,SOUTH PARK,90,10:00:00 PM,IMAGINATION LAND,1997,305841,105327,1.35,1.38,287410,0,124294,55799,62373,0,226046,0,29716,101466,1.35,409829,0,0,62373,0,319925,0,0,0,1349,0.0101,29258,0,231875,0,0,180217,0,0,0,0,0.0047,0,274043,130865,0,0,208,0,0,1.43,2274,0,0,0,1.34,185944,101466,0.0035,105327,0,0,1.35,0.0037,0,0,29258,0,58974,0,0,208,93826,1.39,160195,1.39,0,185944,208,0,0,0,0.0012,0,0,58974,0,0,0,0.0035,0,1.34,0.0096,0,208,0,1.43,0.0012,1349,0,319925,166984,0,0,0.0049,287410,30467,0,0,0,0,0,78809,0,0,0,2274,0,0.0096,0,104611,409829,0,0,78809,0,0,0,0,208,0,101752,0.0047,0,0,390828,221665,0,0,0,0,0,208,0,0,2274,57166,1.43,236192,0,0,104611,25332,0,166984,0.0013,0,0,0,0,0,236192,0,130865,0,0,0,74586,1.34,1349,29716,231875,103029
24,24,30,30,0,0,0,0,39274,34605,BEST THING I EVER ATE,BEST THING I EVER ATE,,,2016-02-21 21:30:00,2016-02-21 21:00:00,0,0,0,0,0.113,0.1283,0.1285,0.1382,0,0,CCEVE-412F,CCEVE-301F,,,0,0,97504,90667,COOK,0,,0,0,0,,,0,0,0,0,,0,0,,,0,0,0,,0,0,,0,86200,22440,1.38,1.35,89854,0,41391,22510,26810,0,62679,0,7598,48551,1.38,126113,0,0,26810,0,91499,0,0,0,1854,0.03,16880,0,58606,0,0,38753,0,0,0,0,0.0278,0,83723,43738,0,0,0,0,0,1.4,1883,0,0,0,1.36,41303,48551,0,22440,0,0,1.38,0,0,0,16880,0,24478,0,0,0,44970,1.39,39877,1.39,0,41303,0,0,0,0,0,0,0,24478,0,0,0,0,0,1.43,0.0527,0,0,0,1.39,0,2498,0,91499,42244,0,0,0.0221,89854,6300,0,0,0,0,0,34964,0,0,0,3485,0,0.0527,0,15434,126113,0,0,34964,0,0,0,0,0,0,21288,0.0278,0,0,116332,53835,0,0,0,0,0,0,0,0,3485,24708,1.4,66178,0,0,15434,16210,0,42244,0,0,0,0,0,0,66178,0,43738,0,0,0,30723,1.43,2498,7598,58606,15169
25,25,0,150,0,0,0,0,35442,0,COZI MOVIE SUN B,,,,0,2016-02-21 21:00:00,0,0,0,0,0,0.1157,0.0691,0,0,0,,SHAMPOO,,,0,0,0,48725,COZ,0,,0,0,0,,,0,0,0,0,,0,0,,,0,0,0,,0,0,,0,0,0,0,0,0,0,0,0,0,0,0,0,0,0,0,0,0,0,0,0,0,0,0,0,0,0,0,0,0,0,0,0,0,0,0,0,0,0,0,0,0,0,0,0,0,0,0,0,0,0,0,0,0,0,0,0,0,0,0,0,0,0,0,0,0,0,0,0,0,0,0,0,0,0,0,0,0,0,0,0,0,0,0,0,0,0,0,0,0,0,0,0,0,0,0,0,0,0,0,0,0,0,0,0,0,0,0,0,0,0,0,0,0,0,0,0,0,0,0,0,0,0,0,0,0,0,0,0,0,0,0,0,0,0,0,0,0,0,0,0,0,0,0,0,0,0,0,0,0,0,0,0,0,0,0,0,0,0,0,0,0,0,0,0,0,0,0,0
26,26,0,60,0,0,0,0,114252,0,GHOSTS IN MY HOUSE,,,,0,2016-02-21 21:00:00,0,0,0,0,0,0.3731,0.364,0,0,0,,,,,0,0,0,256753,DAM,0,,0,0,0,,,0,0,0,0,,0,0,,,0,0,0,,0,0,,0,118045,38481,1.38,1.39,105675,0,49442,15005,28968,0,85567,0,6447,54183,1.4,160691,0,0,28968,0,122314,0,0,0,372,0.0044,8558,0,75087,0,0,50637,0,0,0,0,0.0084,0,102593,51659,0,0,0,0,0,1.46,375,0,0,0,1.47,56642,54183,0,35897,0,0,1.39,0,0,0,8558,0,15005,0,0,0,51956,1.45,47965,1.45,0,51492,0,0,0,0,0.01,0,0,15005,0,0,0,0,0,1.47,0.0146,0,518,0,1.42,0.0106,890,0,125584,49067,0,0,0.0036,110825,6447,0,0,0,0,0,22019,0,0,0,1316,0,0.0095,0,20099,153863,0,0,22019,0,0,0,0,0,0,36125,0.008,0,0,145814,66517,0,0,0,0,0,518,0,0,833,27580,1.45,87556,0,0,22985,8558,0,51953,0,0,0,0,0,0,90140,0,51659,0,0,0,22019,1.47,890,6447,71254,20385
27,27,0,120,0,0,0,0,172534,0,"PRINCESS BRIDE, THE",,,,0,2016-02-21 21:00:00,0,0,0,0,0,0.5634,0.5421,0,0,0,,,,,0,0,0,382387,DFC,0,,0,0,0,,,0,0,0,0,,0,0,,,0,0,0,,0,0,,0,0,0,0,0,0,0,0,0,0,0,0,0,0,0,0,0,0,0,0,0,0,0,0,0,0,0,0,0,0,0,0,0,0,0,0,0,0,0,0,0,0,0,0,0,0,0,0,0,0,0,0,0,0,0,0,0,0,0,0,0,0,0,0,0,0,0,0,0,0,0,0,0,0,0,0,0,0,0,0,0,0,0,0,0,0,0,0,0,0,0,0,0,0,0,0,0,0,0,0,0,0,0,0,0,0,0,0,0,0,0,0,0,0,0,0,0,0,0,0,0,0,0,0,0,0,0,0,0,0,0,0,0,0,0,0,0,0,0,0,0,0,0,0,0,0,0,0,0,0,0,0,0,0,0,0,0,0,0,0,0,0,0,0,0,0,0,0,0
28,28,0,60,0,0,0,0,512080,0,ALASKA: THE LAST FRONTIER,,,,0,2016-02-21 21:00:00,0,0,0,0,0,1.6722,1.7938,0,0,0,,,,,0,0,0,1265243,DISC,0,,0,0,0,,,0,0,0,0,,4.4185,19317,RELOAD,ALASKAN BUSH PEOPLE,60,10:00:00 PM,5.0657,ALASKAN BUSH PEOPLE,60,10:00:00 PM,RELOAD,9114,340105,76855,1.36,1.35,328712,34342,179608,88269,108537,1.32,250036,2246612,28949,191459,1.36,453461,0.0203,1118939,108537,929692,352351,1477036,609493,674234,442,0.0158,60354,16258,257229,1397486,977088,132154,3089802,865512,0.0133,987555,0.0013,0,319562,181699,444705,2389673,0,1737896,2296585,1.38,3944,2361023,0.0217,1.32,1.34,137253,191459,0,76855,284311,2339988,1.36,0,827604,619353,60354,663986,89303,1.3,1108691,0,187408,1.36,184193,1.36,1.32,137253,0,247176,499768,0.0145,0,3067750,14049,89303,1.31,213351,865512,0,0.0147,1.34,0.0162,1376159,0,2400439,1.38,0,442,1815159,352351,189531,39463,460527,0.0014,328712,28426,23438,0.0104,2208,1.31,499768,119664,36665,0.011,654720,4186,215457,0.0162,1.32,80994,453461,0,31379,119664,0.0133,654720,1474476,0.0044,0,1804692,70428,0.0013,1.31,215457,440053,248841,849126,1.3,808204,1495511,0.0044,0,1.32,25646,4186,106147,1.38,258554,16258,1057731,80994,59843,2208,189531,0,438378,284311,2928658,444705,1466333,258554,1.31,181699,0.0198,1.32,827604,118287,1.34,442,28949,257229,78046
29,29,0,120,0,0,0,0,39459,0,DISCOVERY A FONDO,,,,0,2016-02-21 21:00:00,0,0,0,0,0,0.1289,0.4916,0,0,0,,SIRENAS,,,0,0,0,346780,DISCESP,0,,0,0,0,,,0,0,0,0,,0,0,,,0,0,0,,0,0,,0,0,0,0,0,0,0,0,0,0,0,0,0,0,0,0,0,0,0,0,0,0,0,0,0,0,0,0,0,0,0,0,0,0,0,0,0,0,0,0,0,0,0,0,0,0,0,0,0,0,0,0,0,0,0,0,0,0,0,0,0,0,0,0,0,0,0,0,0,0,0,0,0,0,0,0,0,0,0,0,0,0,0,0,0,0,0,0,0,0,0,0,0,0,0,0,0,0,0,0,0,0,0,0,0,0,0,0,0,0,0,0,0,0,0,0,0,0,0,0,0,0,0,0,0,0,0,0,0,0,0,0,0,0,0,0,0,0,0,0,0,0,0,0,0,0,0,0,0,0,0,0,0,0,0,0,0,0,0,0,0,0,0,0,0,0,0,0,0
30,30,0,60,0,0,0,0,0,0,EMBARAZO SECRETO,,,,0,2016-02-21 21:00:00,0,0,0,0,0,0,0.0399,0,0,0,,,,,0,0,0,28122,DISCFAM,0,,0,0,0,,,0,0,0,0,,0,0,,,0,0,0,,0,0,,0,0,0,0,0,0,0,0,0,0,0,0,0,0,0,0,0,0,0,0,0,0,0,0,0,0,0,0,0,0,0,0,0,0,0,0,0,0,0,0,0,0,0,0,0,0,0,0,0,0,0,0,0,0,0,0,0,0,0,0,0,0,0,0,0,0,0,0,0,0,0,0,0,0,0,0,0,0,0,0,0,0,0,0,0,0,0,0,0,0,0,0,0,0,0,0,0,0,0,0,0,0,0,0,0,0,0,0,0,0,0,0,0,0,0,0,0,0,0,0,0,0,0,0,0,0,0,0,0,0,0,0,0,0,0,0,0,0,0,0,0,0,0,0,0,0,0,0,0,0,0,0,0,0,0,0,0,0,0,0,0,0,0,0,0,0,0,0,0
31,31,30,30,0,0,0,0,196703,114789,I DIDNT DO IT,GIRL MEETS WORLD,,,2016-02-21 21:30:00,2016-02-21 21:00:00,0,0,0,0,0.3749,0.6423,0.5217,0.3391,0,0,GIRL MEETS GAME NIGHT,NOT-SO-SECRET LIVES OF MOSQUITOS AND MUS,,,0,0,239196,368006,DISNEY,0,,0,0,0,,,0,0,0,0,,0,0,,,0,0,0,,0,0,,0,0,0,0,0,0,0,0,0,0,0,0,0,0,0,0,0,0,0,0,0,0,0,0,0,0,0,0,0,0,0,0,0,0,0,0,0,0,0,0,0,0,0,0,0,0,0,0,0,0,0,0,0,0,0,0,0,0,0,0,0,0,0,0,0,0,0,0,0,0,0,0,0,0,0,0,0,0,0,0,0,0,0,0,0,0,0,0,0,0,0,0,0,0,0,0,0,0,0,0,0,0,0,0,0,0,0,0,0,0,0,0,0,0,0,0,0,0,0,0,0,0,0,0,0,0,0,0,0,0,0,0,0,0,0,0,0,0,0,0,0,0,0,0,0,0,0,0,0,0,0,0,0,0,0,0,0,0,0,0,0,0,0,0,0,0,0,0,0
32,32,25,25,0,0,0,0,42436,33152,MICKEY MOUSE CLUBHOUSE,MICKEY MOUSE CLUBHOUSE,,,2016-02-21 21:30:00,2016-02-21 21:00:00,0,0,0,0,0.1083,0.1386,0.153,0.1328,0,0,FANCY DANCIN GOOFY,DONALDS HICCUPS,,,0,0,93689,107949,DISNEYJR,0,,0,0,0,,,0,0,0,0,,0,0,,,0,0,0,,0,0,,0,0,0,0,0,0,0,0,0,0,0,0,0,0,0,0,0,0,0,0,0,0,0,0,0,0,0,0,0,0,0,0,0,0,0,0,0,0,0,0,0,0,0,0,0,0,0,0,0,0,0,0,0,0,0,0,0,0,0,0,0,0,0,0,0,0,0,0,0,0,0,0,0,0,0,0,0,0,0,0,0,0,0,0,0,0,0,0,0,0,0,0,0,0,0,0,0,0,0,0,0,0,0,0,0,0,0,0,0,0,0,0,0,0,0,0,0,0,0,0,0,0,0,0,0,0,0,0,0,0,0,0,0,0,0,0,0,0,0,0,0,0,0,0,0,0,0,0,0,0,0,0,0,0,0,0,0,0,0,0,0,0,0,0,0,0,0,0,0
33,33,30,30,0,0,0,0,65215,22311,RANDY CUNNINGHAM: 9TH GRA,ULTIMATE SPIDER-MAN,,,2016-02-21 21:30:00,2016-02-21 21:00:00,0,0,0,0,0.0729,0.213,0.1628,0.1034,0,0,CLOAK & DAGGER,"RANDY C: 13TH CENTURY NINJA, P1 & P2",,,0,0,72916,114815,DISNEYXD,0,,0,0,0,,,0,0,0,0,,0,0,,,0,0,0,,0,0,,0,0,0,0,0,0,0,0,0,0,0,0,0,0,0,0,0,0,0,0,0,0,0,0,0,0,0,0,0,0,0,0,0,0,0,0,0,0,0,0,0,0,0,0,0,0,0,0,0,0,0,0,0,0,0,0,0,0,0,0,0,0,0,0,0,0,0,0,0,0,0,0,0,0,0,0,0,0,0,0,0,0,0,0,0,0,0,0,0,0,0,0,0,0,0,0,0,0,0,0,0,0,0,0,0,0,0,0,0,0,0,0,0,0,0,0,0,0,0,0,0,0,0,0,0,0,0,0,0,0,0,0,0,0,0,0,0,0,0,0,0,0,0,0,0,0,0,0,0,0,0,0,0,0,0,0,0,0,0,0,0,0,0,0,0,0,0,0,0
34,34,0,60,0,0,0,0,66381,0,BUILDING ALASKA,,,,0,2016-02-21 21:00:00,0,0,0,0,0,0.2168,0.2086,0,0,0,,DBAK-303H,,,0,0,0,147153,DIY,0,,0,0,0,,,0,0,0,0,,0,0,,,0,0,0,,0,0,,0,258911,77707,1.6,1.59,215666,0,89141,52725,35345,0,162049,0,34117,93252,1.58,346204,0,0,35345,0,272178,0,0,0,4458,0.0259,19774,0,152467,0,0,116299,0,0,0,0,0.0207,0,205091,94196,0,0,2143,0,0,1.61,4195,0,0,0,1.62,122414,93252,0.0398,77707,0,0,1.58,0.0406,0,0,19774,0,53891,0,0,2143,88792,1.58,90172,1.58,0,122414,2619,0,0,0,0.0272,0,0,53891,0,0,0,0.0398,0,1.63,0.0266,0,2619,0,1.62,0.0272,4458,0,272178,96247,0,0,0.0217,215666,32951,0,0,0,0,0,87803,0,0,0,4574,0,0.0244,0,60902,346204,0,0,87803,0,0,0,0,2143,0,72908,0.0241,0,0,331673,143790,0,0,0,0,0,2619,0,0,4195,35078,1.61,171903,0,0,60902,19774,0,96247,0.029,0,0,0,0,0,171903,0,94196,0,0,0,85666,1.63,5207,34117,152467,55094
35,35,0,60,0,0,0,0,34960,0,HOARDING:BA LAST CHANCE,,,,0,2016-02-21 21:00:00,0,0,0,0,0,0.1142,0.1103,0,0,0,,,,,0,0,0,77776,DLIF,0,,0,0,0,,,0,0,0,0,,0,0,,,0,0,0,,0,0,,0,6207,367,1.56,1.67,4252,0,3614,2057,1817,0,3981,0,712,2764,1.56,6509,0,0,1817,0,6207,0,0,0,0,0,1345,0,4224,0,0,1960,0,0,0,0,0,0,4252,3614,0,0,0,0,0,1.53,0,0,0,0,1.75,1488,2764,0,367,0,0,1.56,0,0,0,1345,0,2057,0,0,0,2292,1.67,2529,1.67,0,1488,0,0,0,0,0,0,0,2057,0,0,0,0,0,1.75,0,0,0,0,1.53,0,0,0,6207,2529,0,0,0,4252,712,0,0,0,0,0,3605,0,0,0,0,0,0,0,712,6509,0,0,3605,0,0,0,0,0,0,367,0,0,0,6509,4224,0,0,0,0,0,0,0,0,0,1345,1.53,3981,0,0,712,1345,0,2529,0,0,0,0,0,0,3981,0,3614,0,0,0,3605,1.75,0,712,4224,1184
36,36,0,60,0,0,0,0,358665,0,TOTAL DIVAS,,,,0,2016-02-21 21:00:00,0,0,0,0,0,1.1712,1.0172,0,0,0,,318,,,0,0,0,717487,E,0,,0,0,0,,,0,0,0,0,,0,0,,,0,0,0,,0,0,,0,183345,70262,1.36,1.4,159973,0,67032,47504,25001,0,134763,0,30963,49699,1.36,225924,0,0,25001,0,192921,0,0,0,1042,0.028,17932,0,122608,0,0,105229,0,0,0,0,0.0168,0,151919,71927,0,0,0,0,0,1.41,3777,0,0,0,1.39,110274,49699,0,70262,0,0,1.36,0,0,0,17932,0,48895,0,0,0,46690,1.4,84231,1.4,0,110274,487,0,0,0,0.0133,0,0,48895,0,0,0,0,0,1.39,0.0347,0,1164,0,1.39,0.0133,2694,0,192921,87552,0,0,0.0069,159973,30721,0,0,0,0,0,67799,0,0,0,4935,0,0.0347,0,62551,225924,0,0,67799,0,0,0,0,0,0,67731,0.0168,0,0,211292,118208,0,0,0,0,0,1164,0,0,4935,23853,1.41,142189,0,0,62551,16783,0,87552,0.0058,0,0,0,0,0,142189,0,71927,0,0,0,65973,1.39,2694,30963,122608,60378
37,37,0,115,0,0,0,0,171974,0,FROM RUSSIA WITH LOVE,,,,0,2016-02-21 20:00:00,0,0,0,0,0,0.5616,0.4456,0,0,0,,FROM RUSSIA WITH LOVE,,,0,0,0,314309,ENC,0,,0,0,0,,,0,0,0,0,,2.4712,10804,GOLDFINGER,GOLDFINGER,110,10:00:00 PM,6.0049,GOLDFINGER,110,10:00:00 PM,GOLDFINGER,10804,0,0,0,0,0,0,0,0,0,0,0,0,0,0,0,0,0,0,0,0,0,0,0,0,0,0,0,0,0,0,0,0,0,0,0,0,0,0,0,0,0,0,0,0,0,0,0,0,0,0,0,0,0,0,0,0,0,0,0,0,0,0,0,0,0,0,0,0,0,0,0,0,0,0,0,0,0,0,0,0,0,0,0,0,0,0,0,0,0,0,0,0,0,0,0,0,0,0,0,0,0,0,0,0,0,0,0,0,0,0,0,0,0,0,0,0,0,0,0,0,0,0,0,0,0,0,0,0,0,0,0,0,0,0,0,0,0,0,0,0,0,0,0,0,0,0,0,0,0,0,0,0,0,0,0,0,0,0,0,0,0,0,0,0,0,0,0,0
38,38,0,120,0,0,0,0,344915,0,ESPN ORIGINAL DOCUMENTARY,,,,0,2016-02-21 21:00:00,0,0,0,0,0,1.1263,1.2807,0,0,0,,ESPN FILMS: ITS NOT CRAZY,,,0,0,0,903346,ESPN,150,NBA REGULAR SEASON     L,6:30:00 PM,19079,4.2435,OKLAHOMA CITY/LA LAKERS,NBA REGULAR SEASON     L,150,3.0731,6265,6:30:00 PM,OKLAHOMA CITY/LA LAKERS,0,0,,,0,0,0,,0,0,,0,338060,52672,1.45,1.42,267146,43002,185198,82131,106335,1.32,233642,1365699,22325,188800,1.44,389230,0.0359,728290,106335,672094,348871,866120,456024,473366,8126,0.0524,60220,15975,219270,976043,681720,73576,1774018,406827,0.0225,669996,0.0304,0,258419,189422,238936,1579918,0,1183936,1555659,1.46,12232,1382589,0.0359,1.32,1.38,78346,188800,0,52672,230649,1382589,1.44,0,527771,473008,60220,489354,82545,1.26,728290,0,184843,1.42,148861,1.42,1.19,78346,5816,229368,387783,0.0219,0.0376,1774018,15975,82545,1.28,156459,390839,0,0.0219,1.38,0.0505,834691,5816,1579918,1.46,0.0376,8126,1197767,348871,154579,43002,385827,0.0314,267146,23139,19400,0.0142,0,1.21,387783,114180,43002,0.014,467974,12232,157134,0.0505,1.19,48244,389230,0,19400,114180,0.014,467974,991750,0,0,1197767,48444,0.0304,1.28,156796,377762,211675,389656,1.17,511842,975762,0,5816,1.18,19400,12232,104151,1.46,242094,15975,711400,48244,58992,0,154579,0.0391,238392,230987,1723878,254924,866120,242094,1.21,189422,0.0363,1.31,516047,113607,1.38,8126,22325,219270,44710
39,39,0,60,0,0,0,0,75866,0,POKER,,,,0,2016-02-21 21:00:00,0,0,0,0,0,0.2477,0.332,0,0,0,,2014 WSOP APAC,,,0,0,0,234203,ESPN2,0,,0,0,0,,,0,0,0,0,,0,0,,,0,0,0,,0,0,,0,72209,18641,1.34,1.39,55935,0,33505,16395,16756,0,53889,0,9736,27075,1.34,76376,0,0,16756,0,72209,0,0,0,1311,0.0253,6659,0,48390,0,0,30639,0,0,0,0,0.0234,0,55935,35248,0,0,1311,0,0,1.37,1363,0,0,0,1.37,28860,27075,0.08,18641,0,0,1.34,0.08,0,0,6659,0,16395,0,0,1311,25296,1.39,34703,1.39,0,28860,1311,0,0,0,0.0378,0,0,16395,0,0,0,0.08,0,1.37,0.0253,0,1311,0,1.37,0.0378,1311,0,72209,34703,0,0,0.0234,55935,9736,0,0,0,0,0,22480,0,0,0,1363,0,0.0253,0,17947,76376,0,0,22480,0,0,0,0,1311,0,20384,0.0234,0,0,76376,48390,0,0,0,0,0,1311,0,0,1363,16231,1.37,53889,0,0,17947,6659,0,34703,0.0378,0,0,0,0,0,53889,0,35248,0,0,0,22480,1.37,1311,9736,48390,18472
40,40,0,60,0,0,0,0,0,0,BOXING SERIES,,,,0,2016-02-21 21:00:00,0,0,0,0,0,0,0.0585,0,0,0,,STIVERNE/ARREOLA,,,0,0,0,41234,ESPNDEPORTES,0,,0,0,0,,,0,0,0,0,,0,0,,,0,0,0,,0,0,,0,0,0,0,0,0,0,0,0,0,0,0,0,0,0,0,0,0,0,0,0,0,0,0,0,0,0,0,0,0,0,0,0,0,0,0,0,0,0,0,0,0,0,0,0,0,0,0,0,0,0,0,0,0,0,0,0,0,0,0,0,0,0,0,0,0,0,0,0,0,0,0,0,0,0,0,0,0,0,0,0,0,0,0,0,0,0,0,0,0,0,0,0,0,0,0,0,0,0,0,0,0,0,0,0,0,0,0,0,0,0,0,0,0,0,0,0,0,0,0,0,0,0,0,0,0,0,0,0,0,0,0,0,0,0,0,0,0,0,0,0,0,0,0,0,0,0,0,0,0,0,0,0,0,0,0,0,0,0,0,0,0,0,0,0,0,0,0,0
41,41,0,60,0,0,0,0,75928,0,SPORTSCENTER WEEKEND-PM L,,,,0,2016-02-21 21:00:00,0,0,0,0,0,0.248,0.2932,0,0,0,,,,,0,0,0,206797,ESPNNEWS,0,,0,0,0,,,0,0,0,0,,0,0,,,0,0,0,,0,0,,0,23079,4821,1.3,1.37,17016,0,13145,7133,9600,0,17754,0,468,11479,1.3,22970,0,0,9600,0,23743,0,0,0,0,0,6665,0,15543,0,0,5619,0,0,0,0,0,0,16510,13450,0,0,0,0,0,1.35,0,0,0,0,1.39,5537,11479,0,4821,0,0,1.3,0,0,0,6665,0,7133,0,0,0,10891,1.37,10853,1.37,0,5537,0,0,0,0,0,0,0,7133,0,0,0,0,0,1.39,0,0,0,0,1.35,0,0,0,23743,11360,0,0,0,17016,758,0,0,0,0,0,9922,0,0,0,0,0,0,0,1760,22970,0,0,9922,0,0,0,0,0,0,4609,0,0,0,22295,14867,0,0,0,0,0,0,0,0,0,9012,1.35,18271,0,0,1760,6375,0,11360,0,0,0,0,0,0,18271,0,13450,0,0,0,9922,1.39,0,468,15543,1841
42,42,0,145,0,0,0,0,140908,0,COLLEGE BKBL REG SSN    L,,,,0,2016-02-21 20:33:00,0,0,0,0,0,0.4601,0.393,0,0,0,,ARIZONA STATE/COLORADO,,,0,0,0,277196,ESPNU,0,,0,0,0,,,0,0,0,0,,0,0,,,0,0,0,,0,0,,0,22643,4064,1.28,1.31,18807,0,13598,9488,12847,0,17662,0,1712,13228,1.28,24736,0,0,12847,0,22643,0,0,0,0,0,7776,0,19107,0,0,5579,0,0,0,0,0,0,18807,13598,0,0,0,0,0,1.32,0,0,0,0,1.31,5579,13228,0,4064,0,0,1.28,0,0,0,7776,0,9488,0,0,0,13228,1.31,14560,1.31,0,5579,0,0,0,0,0,0,0,9488,0,0,0,0,0,1.31,0,0,0,0,1.32,0,0,0,22643,14560,0,0,0,18807,1712,0,0,0,0,0,12413,0,0,0,0,0,0,0,1713,24736,0,0,12413,0,0,0,0,0,0,4064,0,0,0,24736,19107,0,0,0,0,0,0,0,0,0,12847,1.32,17662,0,0,1713,7776,0,14560,0,0,0,0,0,0,17662,0,13598,0,0,0,12413,1.31,0,1712,19107,1713
43,43,0,60,0,0,0,0,11779,0,PSYCH,,,,0,2016-02-21 21:00:00,0,0,0,0,0,0.0385,0.0905,0,0,0,,501,,,0,0,0,63845,ESQUIRE,0,,0,0,0,,,0,0,0,0,,0,0,,,0,0,0,,0,0,,0,35047,10002,1.49,1.73,22120,0,14136,4412,7674,0,23600,0,946,10696,1.48,33948,0,0,7674,0,36217,0,0,0,0,0,4073,0,20679,0,0,10439,0,0,0,0,0,0,20768,14506,0,0,0,0,0,1.53,0,0,0,0,1.33,11424,10696,0,10002,0,0,1.48,0,0,0,4073,0,5019,0,0,0,10329,1.71,11500,1.71,0,11424,0,0,0,0,0,0,0,5019,0,0,0,0,0,1.33,0,0,0,0,1.55,0,0,0,36217,12108,0,0,0,22120,339,0,0,0,0,0,6682,0,0,0,0,0,0,0,4434,33948,0,0,6682,0,0,0,0,0,0,9464,0,0,0,32169,19875,0,0,0,0,0,0,0,0,0,7674,1.53,24508,0,0,4434,4073,0,12108,0,0,0,0,0,0,24508,0,14506,0,0,0,5878,1.33,0,946,20679,3826
44,44,0,120,0,0,0,0,7763,0,CINE SUPER ACCION,,,,0,2016-02-21 21:00:00,0,0,0,0,0,0.0254,0.1962,0,0,0,,LOS 3 BATOS MAS BUSCADOS,,,0,0,0,138357,ETV,0,,0,0,0,,,0,0,0,0,,0,0,,,0,0,0,,0,0,,0,0,0,0,0,0,0,0,0,0,0,0,0,0,0,0,0,0,0,0,0,0,0,0,0,0,0,0,0,0,0,0,0,0,0,0,0,0,0,0,0,0,0,0,0,0,0,0,0,0,0,0,0,0,0,0,0,0,0,0,0,0,0,0,0,0,0,0,0,0,0,0,0,0,0,0,0,0,0,0,0,0,0,0,0,0,0,0,0,0,0,0,0,0,0,0,0,0,0,0,0,0,0,0,0,0,0,0,0,0,0,0,0,0,0,0,0,0,0,0,0,0,0,0,0,0,0,0,0,0,0,0,0,0,0,0,0,0,0,0,0,0,0,0,0,0,0,0,0,0,0,0,0,0,0,0,0,0,0,0,0,0,0,0,0,0,0,0,0
45,45,0,60,0,0,0,0,528685,0,ALL-STAR ACADEMY,,,,0,2016-02-21 21:00:00,0,0,0,0,0,1.7265,1.385,0,0,0,,ST-0101H,,,0,0,0,976888,FOOD,60,GUYS GROCERY GAMES,8:00:00 PM,2789,0.6203,GK-0415H,GUYS GROCERY GAMES,60,1.368,2789,8:00:00 PM,GK-0415H,0,0,,,0,0,0,,0,0,,0,896199,230178,1.62,1.61,745187,0,333524,130478,138303,0,552926,0,64183,322495,1.62,1184050,0,0,137939,0,929337,0,0,0,5453,0.0148,74791,0,509546,0,0,403109,0,0,0,0,0.0073,0,713213,344996,0,0,3089,0,0,1.59,8182,0,0,0,1.59,423373,322131,0.0222,230179,0,0,1.62,0.0237,0,0,74791,0,138974,0,0,3089,310104,1.61,298900,1.61,0,423056,4174,0,0,0,0.0132,0,0,138974,0,0,0,0.0222,0,1.6,0.0192,0,4174,0,1.59,0.0132,5453,0,929742,315040,0,0,0.0076,745868,59997,0,0,0,0,0,221864,0,0,0,11036,0,0.0192,0,177101,1183110,0,0,221864,0,0,0,0,3089,0,219402,0.0073,0,0,1133573,482451,0,0,0,0,0,4174,0,0,11036,132149,1.59,575175,0,0,177418,70481,0,315721,0.014,0,0,0,0,0,575476,0,345298,0,0,0,207200,1.6,5453,64183,508606,166751
46,46,0,60,0,0,0,0,1471203,0,LAST MAN ON EARTH,,,,0,2016-02-21 21:00:00,0,0,0,0,0,4.8043,4.8383,0,0,0,,,,,0,0,0,3412664,FOX,0,,0,0,0,,,0,0,0,0,,0,0,,,0,0,0,,0,0,,0,0,0,0,0,0,0,0,0,0,0,0,0,0,0,0,0,0,0,0,0,0,0,0,0,0,0,0,0,0,0,0,0,0,0,0,0,0,0,0,0,0,0,0,0,0,0,0,0,0,0,0,0,0,0,0,0,0,0,0,0,0,0,0,0,0,0,0,0,0,0,0,0,0,0,0,0,0,0,0,0,0,0,0,0,0,0,0,0,0,0,0,0,0,0,0,0,0,0,0,0,0,0,0,0,0,0,0,0,0,0,0,0,0,0,0,0,0,0,0,0,0,0,0,0,0,0,0,0,0,0,0,0,0,0,0,0,0,0,0,0,0,0,0,0,0,0,0,0,0,0,0,0,0,0,0,0,0,0,0,0,0,0,0,0,0,0,0,0
47,47,0,60,0,0,0,0,4117,0,WAR STORIES W/OLIVR NORTH,,,,0,2016-02-21 21:00:00,0,0,0,0,0,0.0134,0.0599,0,0,0,,,,,0,0,0,42247,FOXBUSINESS,60,WAR STORIES W/OLIVR NORTH,8:00:00 PM,2897,0.6443,,,0,0,0,0,,0,0,,,0,0,0,,0,0,,0,0,0,0,0,0,0,0,0,0,0,0,0,0,0,0,0,0,0,0,0,0,0,0,0,0,0,0,0,0,0,0,0,0,0,0,0,0,0,0,0,0,0,0,0,0,0,0,0,0,0,0,0,0,0,0,0,0,0,0,0,0,0,0,0,0,0,0,0,0,0,0,0,0,0,0,0,0,0,0,0,0,0,0,0,0,0,0,0,0,0,0,0,0,0,0,0,0,0,0,0,0,0,0,0,0,0,0,0,0,0,0,0,0,0,0,0,0,0,0,0,0,0,0,0,0,0,0,0,0,0,0,0,0,0,0,0,0,0,0,0,0,0,0,0,0,0,0,0,0,0,0,0,0,0,0,0,0,0,0,0,0,0,0,0,0,0,0,0
48,48,0,60,0,0,0,0,0,0,CENTRAL FOX WKND,,,,0,2016-02-21 21:00:00,0,0,0,0,0,0,0.049,0,0,0,,,,,0,0,0,34544,FOXDEPORTES,0,,0,0,0,,,0,0,0,0,,0,0,,,0,0,0,,0,0,,0,0,0,0,0,0,0,0,0,0,0,0,0,0,0,0,0,0,0,0,0,0,0,0,0,0,0,0,0,0,0,0,0,0,0,0,0,0,0,0,0,0,0,0,0,0,0,0,0,0,0,0,0,0,0,0,0,0,0,0,0,0,0,0,0,0,0,0,0,0,0,0,0,0,0,0,0,0,0,0,0,0,0,0,0,0,0,0,0,0,0,0,0,0,0,0,0,0,0,0,0,0,0,0,0,0,0,0,0,0,0,0,0,0,0,0,0,0,0,0,0,0,0,0,0,0,0,0,0,0,0,0,0,0,0,0,0,0,0,0,0,0,0,0,0,0,0,0,0,0,0,0,0,0,0,0,0,0,0,0,0,0,0,0,0,0,0,0,0
49,49,0,60,0,0,0,0,0,0,ACOMPLEJADOS,,,,0,2016-02-21 21:00:00,0,0,0,0,0,0,0.0262,0,0,0,,,,,0,0,0,18499,FOXL,0,,0,0,0,,,0,0,0,0,,0,0,,,0,0,0,,0,0,,0,0,0,0,0,0,0,0,0,0,0,0,0,0,0,0,0,0,0,0,0,0,0,0,0,0,0,0,0,0,0,0,0,0,0,0,0,0,0,0,0,0,0,0,0,0,0,0,0,0,0,0,0,0,0,0,0,0,0,0,0,0,0,0,0,0,0,0,0,0,0,0,0,0,0,0,0,0,0,0,0,0,0,0,0,0,0,0,0,0,0,0,0,0,0,0,0,0,0,0,0,0,0,0,0,0,0,0,0,0,0,0,0,0,0,0,0,0,0,0,0,0,0,0,0,0,0,0,0,0,0,0,0,0,0,0,0,0,0,0,0,0,0,0,0,0,0,0,0,0,0,0,0,0,0,0,0,0,0,0,0,0,0,0,0,0,0,0,0
50,50,0,136,0,0,0,0,48725,0,FXM PRIME MOVIE,,,,0,2016-02-21 20:00:00,0,0,0,0,0,0.1591,0.2228,0,0,0,,DESCENDANTS,,,0,0,0,157119,FOXMOVIE,0,,0,0,0,,,0,0,0,0,,0,0,,,0,0,0,,0,0,,0,0,0,0,0,0,0,0,0,0,0,0,0,0,0,0,0,0,0,0,0,0,0,0,0,0,0,0,0,0,0,0,0,0,0,0,0,0,0,0,0,0,0,0,0,0,0,0,0,0,0,0,0,0,0,0,0,0,0,0,0,0,0,0,0,0,0,0,0,0,0,0,0,0,0,0,0,0,0,0,0,0,0,0,0,0,0,0,0,0,0,0,0,0,0,0,0,0,0,0,0,0,0,0,0,0,0,0,0,0,0,0,0,0,0,0,0,0,0,0,0,0,0,0,0,0,0,0,0,0,0,0,0,0,0,0,0,0,0,0,0,0,0,0,0,0,0,0,0,0,0,0,0,0,0,0,0,0,0,0,0,0,0,0,0,0,0,0,0
51,51,0,60,0,0,0,0,91028,0,GRETA INVESTIGATES,,,,0,2016-02-21 21:00:00,0,0,0,0,0,0.2973,0.2646,0,0,0,,,,,0,0,0,186647,FOXNEWS,0,,0,0,0,,,0,0,0,0,,0,0,,,0,0,0,,0,0,,0,0,0,0,0,0,0,0,0,0,0,0,0,0,0,0,0,0,0,0,0,0,0,0,0,0,0,0,0,0,0,0,0,0,0,0,0,0,0,0,0,0,0,0,0,0,0,0,0,0,0,0,0,0,0,0,0,0,0,0,0,0,0,0,0,0,0,0,0,0,0,0,0,0,0,0,0,0,0,0,0,0,0,0,0,0,0,0,0,0,0,0,0,0,0,0,0,0,0,0,0,0,0,0,0,0,0,0,0,0,0,0,0,0,0,0,0,0,0,0,0,0,0,0,0,0,0,0,0,0,0,0,0,0,0,0,0,0,0,0,0,0,0,0,0,0,0,0,0,0,0,0,0,0,0,0,0,0,0,0,0,0,0,0,0,0,0,0,0
52,52,22,128,0,129,106980,0,86985,28425,COLL BSKTBL: PAC 12 L,FOX COLLEGE HOOP BRIDGE L,COLL BSKTBL: PAC 12 L,,2016-02-21 21:08:00,2016-02-21 19:00:00,0,0,0.3494,2016-02-21 21:30:00,0.0928,0.2841,0.2915,0.0941,0.238,0,,OREGON/STANFORD,,WASHINGTON ST/UCLA,0,167890,66375,205637,FS1,0,,0,0,0,,,0,0,0,0,,0,0,,,0,0,0,,0,0,,0,9119,4166,1.29,1.31,7677,0,2885,559,589,0,7051,0,559,1179,1.29,10032,0,0,589,0,9119,0,0,0,0,0,0,0,6079,0,0,6498,0,0,0,0,0,0,7677,2885,0,0,0,0,0,1.31,0,0,0,0,1.34,6498,1179,0,4166,0,0,1.29,0,0,0,0,0,559,0,0,0,1179,1.31,4655,1.31,0,6498,0,0,0,0,0,0,0,559,0,0,0,0,0,1.34,0,0,0,0,1.31,0,0,0,9119,4655,0,0,0,7677,559,0,0,0,0,0,748,0,0,0,0,0,0,0,4066,10032,0,0,748,0,0,0,0,0,0,4166,0,0,0,10032,6079,0,0,0,0,0,0,0,0,0,589,1.31,7051,0,0,4066,0,0,4655,0,0,0,0,0,0,7051,0,2885,0,0,0,748,1.34,0,559,6079,4066
53,53,30,30,0,0,0,0,7508,3221,MONSTER SUP BEHIND DREAM,MONSTER SUP BEHIND DREAM,,,2016-02-21 21:30:00,2016-02-21 21:00:00,0,0,0,0,0.0105,0.0245,0.0416,0.0095,0,0,RYAN DUNGEY,KEN ROCZEN,,,0,0,6697,29346,FS2,0,,0,0,0,,,0,0,0,0,,0,0,,,0,0,0,,0,0,,0,555,0,1.28,1.32,488,0,432,488,488,0,432,0,0,488,1.28,643,0,0,488,0,555,0,0,0,0,0,488,0,643,0,0,0,0,0,0,0,0,0,488,432,0,0,0,0,0,1.32,0,0,0,0,1.32,0,488,0,0,0,0,1.28,0,0,0,488,0,488,0,0,0,488,1.32,488,1.32,0,0,0,0,0,0,0,0,0,488,0,0,0,0,0,1.32,0,0,0,0,1.32,0,0,0,555,488,0,0,0,488,0,0,0,0,0,0,643,0,0,0,0,0,0,0,0,643,0,0,643,0,0,0,0,0,0,0,0,0,0,643,643,0,0,0,0,0,0,0,0,0,488,1.32,432,0,0,0,488,0,488,0,0,0,0,0,0,432,0,432,0,0,0,643,1.32,0,0,643,0
54,54,0,60,0,0,0,0,19338,0,TOP 100 HIP HOP HITS,,,,0,2016-02-21 21:00:00,0,0,0,0,0,0.0631,0.0492,0,0,0,,PART 2,,,0,0,0,34706,FUSE,0,,0,0,0,,,0,0,0,0,,0,0,,,0,0,0,,0,0,,0,6094,0,1.27,1.29,2899,0,4780,1161,1161,0,4780,0,0,2899,1.27,3819,0,0,1161,0,6094,0,0,0,0,0,1161,0,1499,0,0,0,0,0,0,0,0,0,2899,4780,0,0,0,0,0,1.32,0,0,0,0,1.29,0,2899,0,0,0,0,1.27,0,0,0,1161,0,1161,0,0,0,2899,1.29,1161,1.29,0,0,0,0,0,0,0,0,0,1161,0,0,0,0,0,1.29,0,0,0,0,1.32,0,0,0,6094,1161,0,0,0,2899,0,0,0,0,0,0,1499,0,0,0,0,0,0,0,0,3819,0,0,1499,0,0,0,0,0,0,0,0,0,0,3819,1499,0,0,0,0,0,0,0,0,0,1161,1.32,4780,0,0,0,1161,0,1161,0,0,0,0,0,0,4780,0,4780,0,0,0,1499,1.29,0,0,1499,0
55,55,0,210,0,0,0,0,582838,0,FX MOVIE PRIME,,,,0,2016-02-21 20:00:00,0,0,0,0,0,1.9033,1.9783,0,0,0,,ZERO DARK THIRTY,,,0,0,0,1395381,FX,0,,0,0,0,,,0,0,0,0,,0,0,,,0,0,0,,0,0,,0,334839,137066,1.31,1.35,321975,0,125501,79600,57336,0,254689,0,44605,105689,1.32,436009,0,0,57087,0,351723,0,0,0,3315,0.0112,35556,0,211952,0,0,204745,0,0,0,0,0.0103,0,307618,128384,0,0,399,0,0,1.35,2860,0,0,0,1.33,216286,105157,0.011,137590,0,0,1.32,0.005,0,0,35556,0,80161,0,0,399,102873,1.36,152279,1.36,0,216818,637,0,0,0,0.0072,0,0,80161,0,0,0,0.005,0,1.34,0.0116,0,637,0,1.35,0.0041,3315,0,351723,155655,0,0,0.0108,321975,44044,0,0,0,0,0,107079,0,0,0,3087,0,0.0108,0,98568,436009,0,0,107079,0,0,0,0,884,0,129188,0.0118,0,0,414454,205011,0,0,0,0,0,1122,0,0,2860,56414,1.35,265974,0,0,98319,35556,0,155655,0.0042,0,0,0,0,0,265974,0,128908,0,0,0,105918,1.34,3800,44605,211952,95865
56,56,150,150,0,0,0,0,250606,218935,FXX MOVIE PRIME,FXX MOVIE PRIME,,,2016-02-21 21:30:00,2016-02-21 19:00:00,0,0,0,0,0.715,0.8184,0.8578,0.6529,0,0,21 JUMP STREET,21 JUMP STREET,,,0,0,460528,605052,FXX,0,,0,0,0,,,0,0,0,0,,0,0,,,0,0,0,,0,0,,0,85412,31279,1.29,1.34,84972,0,32549,17822,13908,0,65977,0,11180,29071,1.29,117214,0,0,13569,0,87820,0,0,0,0,0,8255,0,51929,0,0,54785,0,0,0,0,0,0,83101,36582,0,0,0,0,0,1.37,0,0,0,0,1.35,56240,28733,0,31279,0,0,1.31,0,0,0,7917,0,19096,0,0,0,28316,1.36,36608,1.34,0,56239,0,0,0,0,0,0,0,19435,0,0,0,0,0,1.38,0.0099,0,0,0,1.37,0,0,0,88892,37882,0,0,0,85311,9905,0,0,0,0,0,26790,0,0,0,674,0,0.0099,0,24313,116096,0,0,25672,0,0,0,0,0,0,33428,0,0,0,113643,49129,0,0,0,0,0,0,0,0,674,13569,1.37,67861,0,0,24313,7917,0,38221,0,0,0,0,0,0,67861,0,36582,0,0,0,23989,1.34,0,11179,50811,23039
57,57,0,60,0,0,0,0,55265,0,FLIPPING VEGAS,,,,0,2016-02-21 21:00:00,0,0,0,0,0,0.1805,0.1457,0,0,0,,BLACK MARKET HOUSE 26,,,0,0,0,102781,FYI,0,,0,0,0,,,0,0,0,0,,0,0,,,0,0,0,,0,0,,0,70412,19035,1.39,1.44,63582,0,33339,16142,18863,0,50659,0,9061,35114,1.39,89071,0,0,18863,0,72964,0,0,0,307,0.0271,9184,0,49472,0,0,26005,0,0,0,0,0.0048,0,60550,33620,0,0,0,0,0,1.4,1373,0,0,0,1.41,28468,35114,0,19035,0,0,1.39,0,0,0,9184,0,18245,0,0,0,34545,1.43,32514,1.43,0,28468,0,0,0,0,0,0,0,18245,0,0,0,0,0,1.4,0.0261,0,0,0,1.41,0,307,0,72964,34617,0,0,0.0051,63582,7527,0,0,0,0,0,25543,0,0,0,1373,0,0.0261,0,15754,89071,0,0,25543,0,0,0,0,0,0,17320,0.0048,0,0,85092,46742,0,0,0,0,0,0,0,0,1373,18294,1.4,52655,0,0,15754,8615,0,34617,0,0,0,0,0,0,52655,0,33620,0,0,0,22812,1.4,307,9061,49472,14220
58,58,30,30,0,0,0,0,4294,17723,FLEA MARKET FLIP,FLEA MARKET FLIP,,,2016-02-21 21:30:00,2016-02-21 21:00:00,0,0,0,0,0.0579,0.014,0.047,0.0603,0,0,HFMF-205TH,HFMF-206TH,,,0,0,42558,33183,GAC,0,,0,0,0,,,0,0,0,0,,0,0,,,0,0,0,,0,0,,0,460640,178031,1.67,1.66,386544,0,105216,68651,20607,0,275601,0,60039,103585,1.74,663254,0,0,20607,0,495997,0,0,0,1992,0.0065,18503,0,182374,0,0,263132,0,0,0,0,0.0052,0,366342,107576,0,0,0,0,0,1.72,1782,0,0,0,1.96,282959,103585,0,178031,0,0,1.74,0,0,0,18503,0,78542,0,0,0,103210,1.61,103448,1.61,0,282959,1992,0,0,0,0.0176,0,0,78542,0,0,0,0,0,1.85,0.0062,0,1992,0,1.68,0.0176,1992,0,495997,113339,0,0,0.0054,386544,50148,0,0,0,0,0,145187,0,0,0,1782,0,0.0062,0,92732,663254,0,0,145187,0,0,0,0,0,0,170385,0.0052,0,0,615772,171880,0,0,0,0,0,1992,0,0,1782,20607,1.72,285607,0,0,92732,18503,0,113339,0.0193,0,0,0,0,0,285607,0,107576,0,0,0,134693,1.85,1992,60039,182374,82841
59,59,0,150,0,0,0,0,11612,0,ANTONIO AGUILAR SUN,,,,0,2016-02-21 20:00:00,0,0,0,0,0,0.0379,0.5348,0,0,0,,VUELVE EL OJO DE VIDRIO,,,0,0,0,377221,GALA,0,,0,0,0,,,0,0,0,0,,0,0,,,0,0,0,,0,0,,0,0,0,0,0,0,0,0,0,0,0,0,0,0,0,0,0,0,0,0,0,0,0,0,0,0,0,0,0,0,0,0,0,0,0,0,0,0,0,0,0,0,0,0,0,0,0,0,0,0,0,0,0,0,0,0,0,0,0,0,0,0,0,0,0,0,0,0,0,0,0,0,0,0,0,0,0,0,0,0,0,0,0,0,0,0,0,0,0,0,0,0,0,0,0,0,0,0,0,0,0,0,0,0,0,0,0,0,0,0,0,0,0,0,0,0,0,0,0,0,0,0,0,0,0,0,0,0,0,0,0,0,0,0,0,0,0,0,0,0,0,0,0,0,0,0,0,0,0,0,0,0,0,0,0,0,0,0,0,0,0,0,0,0,0,0,0,0,0
60,60,0,320,0,0,0,0,108771,0,PGA TOUR: NBC,,,,0,2016-02-21 19:25:00,0,0,0,0,0,0.3552,0.5116,0,0,0,,2015 HONDA CLS,,,0,0,0,360824,GOLF,0,,0,0,0,,,0,0,0,0,,0,0,,,0,0,0,,0,0,,0,47961,19436,1.6,1.47,29018,0,10517,3058,4076,0,29953,0,3058,6742,1.6,46172,0,0,4076,0,47961,0,0,0,0,0,0,0,18293,0,0,22276,0,0,0,0,0,0,29018,10517,0,0,0,0,0,1.59,0,0,0,0,1.91,22276,6742,0,19436,0,0,1.6,0,0,0,0,0,3058,0,0,0,6742,1.47,12445,1.47,0,22276,0,0,0,0,0,0,0,3058,0,0,0,0,0,1.91,0,0,0,0,1.59,0,0,0,47961,12445,0,0,0,29018,3058,0,0,0,0,0,5848,0,0,0,0,0,0,0,8369,46172,0,0,5848,0,0,0,0,0,0,19436,0,0,0,46172,18293,0,0,0,0,0,0,0,0,0,4076,1.59,29953,0,0,8369,0,0,12445,0,0,0,0,0,0,29953,0,10517,0,0,0,5848,1.91,0,3058,18293,8369
61,61,30,30,0,0,0,0,124245,119350,FAMILY FEUD (HARVEY),FAMILY FEUD (HARVEY),,,2016-02-21 21:30:00,2016-02-21 21:00:00,0,0,0,0,0.3897,0.4057,0.3653,0.3407,0,0,,,,,0,0,240289,257640,GSN,0,,0,0,0,,,0,0,0,0,,0.6379,2789,,FAMILY FEUD (HARVEY),30,10:00:00 PM,1.5501,FAMILY FEUD (HARVEY),30,10:00:00 PM,,2789,1333262,660998,1.21,1.18,1467895,0,458611,219431,111530,0,1102848,0,181120,401849,1.21,1728189,0,0,111530,0,1365349,0,0,0,43679,0.0279,41918,0,464409,0,0,1046226,0,0,0,0,0.0298,0,1443119,463303,0,0,0,0,0,1.18,30763,0,0,0,1.12,1066046,401849,0,660998,0,0,1.21,0,0,0,41918,0,223038,0,0,0,396893,1.17,389804,1.17,0,1066046,0,0,0,0,0,0,0,223038,0,0,0,0,0,1.12,0.0274,0,0,0,1.18,0,43679,0,1365349,395687,0,0,0.0303,1467895,179939,0,0,0,0,0,250637,0,0,0,30763,0,0.0274,0,284157,1728189,0,0,250637,0,0,0,0,0,0,644237,0.0298,0,0,1697856,458079,0,0,0,0,0,0,0,0,30763,106828,1.18,1124301,0,0,284157,39492,0,395687,0,0,0,0,0,0,1124301,0,463303,0,0,0,246824,1.12,43679,181120,464409,282976
62,62,0,120,0,0,0,0,244153,0,SPECIAL PRESENTATION,,,,0,2016-02-21 20:00:00,0,0,0,0,0,0.7973,0.761,0,0,0,,THE LOST PYRAMID,,,0,0,0,536778,H2,0,,0,0,0,,,0,0,0,0,,1.3406,5861,EGYPT: ENGINEERING AN EMPIRE,SPECIAL PRESENTATION,120,10:00:00 PM,1.9593,SPECIAL PRESENTATION,120,10:00:00 PM,EGYPT: ENGINEERING AN EMPIRE,3525,189327,10876,1.37,1.36,172870,70893,128507,26145,48864,2.05,138079,2821446,3656,153182,1.37,241407,0.0317,1247074,48864,1372323,192619,2286724,1066451,891069,5068,0.049,23218,12156,79611,2037762,1401005,18378,5873143,816001,0.01,1404441,0.0293,0.017,169920,129769,356005,4819639,4662,2275985,4700311,1.4,6765,2903537,0.0316,2.05,1.38,19688,153182,0.1735,10876,450847,2900382,1.37,0.1783,944749,866612,23218,887914,26874,2.03,1243919,4662,151542,1.36,57931,1.36,1.84,19688,4662,450612,606269,0.0097,0.0795,5869873,12156,26874,2.02,148882,816001,0.1735,0.0098,1.38,0.0481,2201790,4662,4823039,1.4,0.0795,5068,2349190,192619,58660,74281,599494,0.0298,172870,3656,23808,0.0084,10177,1.82,609423,37106,74281,0.0106,1109412,6765,158576,0.0481,1.83,9796,241407,10177,30630,37106,0.0105,1106142,2084381,0.0167,4662,2345754,9572,0.0293,2.02,158576,237528,78633,783684,1.82,903662,2087536,0.0168,4662,1.78,30630,6765,48135,1.4,140645,12156,1210921,9796,22489,10177,58660,0.0805,344309,447693,5725113,356005,2283454,140645,1.82,129769,0.0311,2.07,944749,36128,1.38,5068,3656,79611,9796
63,63,0,120,0,0,0,0,225498,0,HALLMARK MOVIE,,,,0,2016-02-21 21:00:00,0,0,0,0,0,0.7364,0.5713,0,0,0,,HOW TO FALL IN LOVE,,,0,0,0,402949,HALL,120,HALLMARK MOVIE,7:00:00 PM,2141,0.4762,PERFECT ON PAPER,,0,0,0,0,,0,0,,,0,0,0,,0,0,,0,1034273,232565,1.93,2.05,649565,0,316230,82760,89714,0,537179,0,44632,309666,1.94,1249574,0,0,89383,0,1088233,0,0,0,5148,0.0116,42783,0,393531,0,0,328674,0,0,0,0,0.0084,0,625005,327762,0,0,0,0,0,1.92,6238,0,0,0,2.15,341714,308756,0,231783,0,0,1.94,0,0,0,42783,0,86591,0,0,0,296331,2.04,181045,2.05,0,340809,684,0,0,0,0.0035,0,0,87415,0,0,0,0,0,2.11,0.0116,0,684,0,1.91,0.0036,5443,0,1090647,191862,0,0,0.0082,651380,40530,0,0,0,0,0,184751,0,0,0,6538,0,0.0117,0,102479,1247183,0,0,183641,0,0,0,0,0,0,220949,0.0084,0,0,1195104,370319,0,0,0,0,0,684,0,0,6538,85196,1.92,559545,0,0,102972,42230,0,192686,0.0038,0,0,0,0,0,561402,0,328837,0,0,0,177787,2.12,5443,43808,392421,95849
64,64,0,60,0,0,0,0,78331,0,MYSTERY THEATER,,,,0,2016-02-21 21:00:00,0,0,0,0,0,0.2558,0.1404,0,0,0,,DIAGNOSIS MURDER,,,0,0,0,99023,HALLMOV,0,,0,0,0,,,0,0,0,0,,0,0,,,0,0,0,,0,0,,0,469545,103806,2.03,1.99,279582,0,127845,33232,25942,0,231361,0,20892,121392,2,539771,0,0,25942,0,484096,0,0,0,0,0,14033,0,118112,0,0,154244,0,0,0,0,0,0,267124,137650,0,0,0,0,0,1.93,0,0,0,0,1.94,158768,120814,0,104079,0,0,2,0,0,0,14033,0,34925,0,0,0,112880,1.98,57082,1.98,0,158768,0,0,0,0,0,0,0,34925,0,0,0,0,0,1.93,0,0,0,0,1.95,0,0,0,484456,59635,0,0,0,280160,20893,0,0,0,0,0,67517,0,0,0,0,0,0,0,33693,539026,0,0,67517,0,0,0,0,0,0,103516,0,0,0,520977,113802,0,0,0,0,0,0,0,0,0,23682,1.93,241729,0,0,33693,12339,0,59635,0,0,0,0,0,0,242012,0,138206,0,0,0,64371,1.93,0,20892,118112,33400
65,65,26,24,0,0,0,0,32794,29799,GIRLS,TOGETHERNESS,,,2016-02-21 21:31:00,2016-02-21 21:02:00,0,0,0,0,0.0973,0.1071,0.1812,0.2112,0,0,07: PARTY TIME,39: ASK ME MY NAME,,,0,0,148943,127828,HBO,12,BREAK,8:50:00 PM,3403,0.7569,,,0,0,0,0,,6.8973,30154,,BREAK,4,9:57:00 PM,0,,0,0,,0,0,0,0,0,0,0,0,0,0,0,0,0,0,0,0,0,0,0,0,0,0,0,0,0,0,0,0,0,0,0,0,0,0,0,0,0,0,0,0,0,0,0,0,0,0,0,0,0,0,0,0,0,0,0,0,0,0,0,0,0,0,0,0,0,0,0,0,0,0,0,0,0,0,0,0,0,0,0,0,0,0,0,0,0,0,0,0,0,0,0,0,0,0,0,0,0,0,0,0,0,0,0,0,0,0,0,0,0,0,0,0,0,0,0,0,0,0,0,0,0,0,0,0,0,0,0,0,0,0,0,0,0,0,0,0,0,0,0,0,0,0,0,0,0,0,0,0,0,0,0,0,0,0,0,0,0,0,0,0,0,0,0,0,0,0,0,0,0
66,66,30,30,0,0,0,0,228063,260247,CARIBBEAN LIFE,CARIBBEAN LIFE,,,2016-02-21 21:30:00,2016-02-21 21:00:00,0,0,0,0,0.8499,0.7448,0.8213,0.9914,0,0,HCBLF-301H,HCBLF-307H,,,0,0,699251,579270,HGTV,30,BEACHFRONT BARGAIN HUNT,8:30:00 PM,6297,1.4006,HBFBH-502H,,0,0,0,0,,1.457,6370,HISLF-112H,ISLAND LIFE,30,10:00:00 PM,0,,0,0,,0,1217314,381130,1.63,1.57,1002690,0,374058,191942,138106,0,747100,0,111989,353543,1.64,1624840,0,0,136155,0,1265470,0,0,0,20201,0.0287,88325,0,647192,0,0,631708,0,0,0,0,0.0213,0,966997,388128,0,0,0,0,0,1.62,21428,0,0,0,1.6,649749,351592,0.0019,382760,0,0,1.64,0,0,0,86374,0,200314,0,0,380,335289,1.59,390431,1.59,0,651098,7835,0,0,0,0.0201,0,0,200314,0,0,0,0.0019,0,1.61,0.0297,0,8215,0,1.6,0.0201,21345,0,1265863,408191,0,0,0.0209,1003292,109098,0,0,0,0,0,321920,0,0,0,22915,0,0.0297,0,272036,1624056,0,0,321920,0,0,0,0,380,0,373042,0.0213,0,0,1550370,614147,0,0,0,0,0,8215,0,0,22915,131742,1.62,770888,0,0,270085,82844,0,408191,0.0201,0,0,0,0,0,771193,0,390063,0,0,0,306164,1.61,21345,113940,647192,258689
67,67,0,63,0,0,0,0,426539,0,AX MEN,,,,0,2016-02-21 21:00:00,0,0,0,0,0,1.3929,1.3921,0,0,0,,DAVI & GOLIATH 812,,,0,0,0,981884,HISTORY,60,AX MEN,8:00:00 PM,13545,3.0126,DONT CROSS THE BOSS 811,AX MEN,60,6.6441,13545,8:00:00 PM,DONT CROSS THE BOSS 811,0.9426,4121,CURSE OF THE BLACK LEGION 4,LEGEND OF SUPERSTITION MT,60,10:03:00 PM,0,,0,0,,0,380190,96979,1.34,1.37,329331,22294,189933,52410,78777,1.31,284288,2084181,19880,180875,1.35,450927,0.0204,1024689,78419,918189,394996,1345643,549715,704208,3700,0.0171,33191,24604,183454,1478079,949684,146068,2830666,612773,0.0135,951494,0.0122,0.0305,321672,196348,320123,2062806,2826,1529965,2016348,1.37,4871,2130641,0.0203,1.31,1.35,148814,180516,0.0532,96979,274982,2128562,1.35,0.0539,625300,673709,33191,702487,53071,1.33,1022610,2826,175604,1.37,128418,1.37,1.31,148815,2826,262696,453899,0.024,0.0211,2828459,13333,53071,1.33,173843,612415,0.0532,0.0241,1.35,0.0176,1306232,2826,2065114,1.37,0.0212,4020,1576794,396173,133300,32074,436539,0.0115,329689,19219,15127,0.0073,24604,1.25,453899,71873,32074,0.0133,568926,5186,178917,0.0177,1.31,54881,450453,13333,28258,71873,0.0133,568926,1516147,0.0542,2826,1574608,94355,0.0122,1.33,178917,440340,176475,606102,1.32,611776,1517868,0.0542,2826,1.26,28258,5186,74445,1.37,293327,24604,988758,54881,33191,24604,133658,0.022,315049,274982,2780334,320481,1343436,294237,1.25,197258,0.0146,1.32,624924,71001,1.35,4020,19880,182980,53973
68,68,30,30,0,0,0,0,93571,94786,FORENSIC FILES,FORENSIC FILES,,,2016-02-21 21:30:00,2016-02-21 21:00:00,0,0,0,0,0.3095,0.3056,0.3298,0.3178,0,0,KEY EVIDENCE,CONCRETE ALIBI,,,0,0,224151,232626,HLN,30,FORENSIC FILES,8:30:00 PM,22119,4.9196,SECOND SHOT AT LOVE,FORENSIC FILES,30,5.9785,12188,8:30:00 PM,SECOND SHOT AT LOVE,0,0,,,0,0,0,,0,0,,0,0,0,0,0,0,136021,0,0,0,2.16,0,4866605,0,0,0,0,0.0443,1922272,0,2184209,0,4121510,2114726,1399057,0,0,0,40240,0,3425855,2192273,0,10062725,1478248,0.0084,2222252,0,0.0019,0,0,521265,8251868,0,3763376,8108408,0,0,4997630,0.0445,2.16,0,0,0,0,0,612302,4949158,0,0,1626493,1331801,0,1363333,0,2.02,1884598,0,0,0,0,0,2.17,0,0,606276,899960,0.0209,0,10011356,15432,0,2.02,291594,1475883,0,0.0214,0,0,3963373,0,8300661,0,0,0,3848745,0,0,171133,897870,0,0,0,122530,0.0252,17063,2.39,911282,0,168935,0.035,2163709,0,298980,0,2.14,0,0,1699,177351,0,0.0355,2151227,3473275,0.0187,0,3816413,0,0,2.01,297029,0,0,1440750,2.16,1579167,3519382,0.019,0,2.36,173004,0,0,0,0,40240,1838556,0,0,17063,0,0,506755,602931,9835252,523215,4081870,0,2.37,0,0.0361,2.15,1624140,0,0,0,0,0,0
69,69,0,60,0,0,0,0,264428,0,UNUSUAL SUSPECTS,,,,0,2016-02-21 21:00:00,0,0,0,0,0,0.8635,0.8,0,0,0,,,,,0,0,0,564307,ID,0,,0,0,0,,,0,0,0,0,,3.5476,15510,,ON THE CASE WITH PZ,60,10:00:00 PM,8.6206,ON THE CASE WITH PZ,60,10:00:00 PM,,15510,1027563,340300,1.24,1.28,951047,0,481260,256115,202988,0,826112,0,136705,495553,1.25,1211852,0,0,202988,0,1041312,0,0,0,2616,0.0083,119410,0,572152,0,0,454012,0,0,0,0,0.0054,0,936624,494864,0,0,776,0,0,1.27,6848,0,0,0,1.27,455494,495553,0.0129,340300,0,0,1.25,0.003,0,0,119410,0,256115,0,0,3295,482612,1.29,444277,1.29,0,455494,776,0,0,0,0.0074,0,0,256115,0,0,0,0.0129,0,1.27,0.0142,0,3295,0,1.27,0.0074,5135,0,1041312,444277,0,0,0.0028,951047,138767,0,0,0,0,0,325871,0,0,0,11869,0,0.0142,0,241289,1211852,0,0,325871,0,0,0,0,3295,0,344852,0.0054,0,0,1191096,570190,0,0,0,0,0,3295,0,0,11869,200596,1.27,835164,0,0,241289,117348,0,444277,0.0017,0,0,0,0,0,835164,0,494864,0,0,0,325205,1.27,5135,136705,572152,243681
70,70,0,135,0,0,0,0,72980,0,PRIME MOVIE 1,,,,0,2016-02-21 20:45:00,0,0,0,0,0,0.2383,0.2641,0,0,0,,JAY & SILENT BOB STRIKE,,,0,0,0,186257,IFC,0,,0,0,0,,,0,0,0,0,,0,0,,,0,0,0,,0,0,,0,29032,13026,1.29,1.33,26271,0,9863,9195,8663,0,22577,0,3727,12691,1.29,35046,0,0,8663,0,31427,0,0,0,0,0,7259,0,18979,0,0,13581,0,0,0,0,0,0,24480,11724,0,0,0,0,0,1.32,0,0,0,0,1.33,13881,12691,0,12715,0,0,1.29,0,0,0,7259,0,10986,0,0,0,10899,1.33,12524,1.33,0,13580,0,0,0,0,0,0,0,10986,0,0,0,0,0,1.32,0,0,0,0,1.32,0,0,0,31824,14315,0,0,0,26572,3727,0,0,0,0,0,14549,0,0,0,0,0,0,0,5652,34647,0,0,14549,0,0,0,0,0,0,12714,0,0,0,32287,16619,0,0,0,0,0,0,0,0,0,6872,1.32,24439,0,0,5652,5468,0,14315,0,0,0,0,0,0,24750,0,11724,0,0,0,12189,1.32,0,3727,18979,5652
71,71,0,60,0,0,0,0,28372,0,"WALKER,TEXAS RANGER",,,,0,2016-02-21 21:00:00,0,0,0,0,0,0.0927,0.1223,0,0,0,,NIGHT OF THE GLADIATOR,,,0,0,0,86237,INSP,0,,0,0,0,,,0,0,0,0,,0,0,,,0,0,0,,0,0,,0,0,0,0,0,0,0,0,0,0,0,0,0,0,0,0,0,0,0,0,0,0,0,0,0,0,0,0,0,0,0,0,0,0,0,0,0,0,0,0,0,0,0,0,0,0,0,0,0,0,0,0,0,0,0,0,0,0,0,0,0,0,0,0,0,0,0,0,0,0,0,0,0,0,0,0,0,0,0,0,0,0,0,0,0,0,0,0,0,0,0,0,0,0,0,0,0,0,0,0,0,0,0,0,0,0,0,0,0,0,0,0,0,0,0,0,0,0,0,0,0,0,0,0,0,0,0,0,0,0,0,0,0,0,0,0,0,0,0,0,0,0,0,0,0,0,0,0,0,0,0,0,0,0,0,0,0,0,0,0,0,0,0,0,0,0,0,0,0
72,72,0,150,0,0,0,0,453494,0,SUNDAY 8PM MOVIE,,,,0,2016-02-21 20:00:00,0,0,0,0,0,1.4809,1.3612,0,0,0,,THE LINCOLN LAWYER,,,0,0,0,960111,ION,0,,0,0,0,,,0,0,0,0,,0,0,,,0,0,0,,0,0,,0,0,0,0,0,0,0,0,0,0,0,0,0,0,0,0,0,0,0,0,0,0,0,0,0,0,0,0,0,0,0,0,0,0,0,0,0,0,0,0,0,0,0,0,0,0,0,0,0,0,0,0,0,0,0,0,0,0,0,0,0,0,0,0,0,0,0,0,0,0,0,0,0,0,0,0,0,0,0,0,0,0,0,0,0,0,0,0,0,0,0,0,0,0,0,0,0,0,0,0,0,0,0,0,0,0,0,0,0,0,0,0,0,0,0,0,0,0,0,0,0,0,0,0,0,0,0,0,0,0,0,0,0,0,0,0,0,0,0,0,0,0,0,0,0,0,0,0,0,0,0,0,0,0,0,0,0,0,0,0,0,0,0,0,0,0,0,0,0
73,73,0,182,0,0,0,0,642680,0,SUNDAY MOVIE IV,,,,0,2016-02-21 20:00:00,0,0,0,0,0,2.0987,1.4893,0,0,0,,G.I. JANE,,,0,0,0,1050466,LIFE,0,,0,0,0,,,0,0,0,0,,0,0,,,0,0,0,,0,0,,0,196195,81265,1.31,1.33,190394,0,70704,43496,33710,0,150274,0,25318,60001,1.31,255209,0,0,33710,0,208207,0,0,0,0,0.0081,19088,0,111040,0,0,125308,0,0,0,0,0,0,176576,78135,0,0,0,0,0,1.34,1211,0,0,0,1.35,130648,60001,0,81265,0,0,1.31,0,0,0,19088,0,44151,0,0,0,51268,1.33,72318,1.33,0,130393,0,0,0,0,0,0,0,44406,0,0,0,0,0,1.34,0.0076,0,0,0,1.34,0,0,0,208561,82981,0,0,0,190649,24408,0,0,0,0,0,59712,0,0,0,1211,0,0.0076,0,49271,254869,0,0,59372,0,0,0,0,0,0,79570,0,0,0,236110,96395,0,0,0,0,0,0,0,0,1211,27611,1.34,159400,0,0,49526,19088,0,83236,0,0,0,0,0,0,159673,0,78408,0,0,0,58507,1.34,0,25063,110700,44707
74,74,0,120,0,0,0,0,263264,0,MOVIE,,,,0,2016-02-21 20:00:00,0,0,0,0,0,0.8597,0.7292,0,0,0,,STATIC,,,0,0,0,514321,LIFEMOV,0,,0,0,0,,,0,0,0,0,,0,0,,,0,0,0,,0,0,,0,172915,33826,1.45,1.43,139524,0,86104,23885,31373,0,119014,0,10426,83207,1.45,202458,0,0,31373,0,177482,0,0,0,2124,0.0206,13654,0,76983,0,0,56229,0,0,0,0,0.0181,0,135562,88195,0,0,983,0,0,1.45,2451,0,0,0,1.43,56317,83207,0.0489,33826,0,0,1.45,0.0412,0,0,13654,0,24080,0,0,1178,79333,1.43,51747,1.43,0,56317,983,0,0,0,0.0219,0,0,24080,0,0,0,0.0489,0,1.43,0.0248,0,1178,0,1.45,0.0219,2527,0,177482,53822,0,0,0.0157,139524,10231,0,0,0,0,0,34490,0,0,0,3031,0,0.0217,0,22449,202458,0,0,34490,0,0,0,0,1178,0,32910,0.0207,0,0,196422,74207,0,0,0,0,0,1178,0,0,2653,28328,1.45,122021,0,0,22449,13654,0,53822,0.019,0,0,0,0,0,122021,0,88195,0,0,0,34229,1.43,2892,10426,76983,23419
75,75,60,30,0,0,0,0,13368,14305,UNTUCKED 4,RUPAULS DRAG RACE 5,,,2016-02-21 21:30:00,2016-02-21 21:00:00,0,0,0,0,0.0467,0.0437,0.0434,0.1043,0,0,512,411,,,0,0,73538,30615,LOGO,0,,0,0,0,,,0,0,0,0,,0,0,,,0,0,0,,0,0,,0,272170,147504,1.24,1.36,275303,0,85381,106580,43049,0,220190,0,88282,73331,1.37,409920,0,0,43049,0,301677,0,0,0,0,0,18298,0,231735,0,0,197270,0,0,0,0,0,0,270118,87902,0,0,0,0,0,1.37,0,0,0,0,1.36,217803,73331,0,132288,0,0,1.41,0,0,0,18298,0,106580,0,0,0,72848,1.54,150908,1.54,0,201972,0,0,0,0,0,0,0,106580,0,0,0,0,0,1.36,0,0,0,0,1.28,0,0,0,332336,150908,0,0,0,291134,88282,0,0,0,0,0,144591,0,0,0,0,0,0,0,107859,376812,0,0,144591,0,0,0,0,0,0,134809,0,0,0,345165,205606,0,0,0,0,0,0,0,0,0,43049,1.41,220190,0,0,107859,18298,0,150908,0,0,0,0,0,0,235406,0,87902,0,0,0,144591,1.36,0,88282,231735,107859
76,76,7,113,0,0,0,0,22085,12818,ENDERS GAME,BREAK,,,2016-02-21 21:53:00,2016-02-21 20:00:00,0,0,0,0,0.0419,0.0721,0.1362,0.0665,0,0,,ENDERS GAME,,,0,0,46931,96085,MAX,0,,0,0,0,,,0,0,0,0,,0,0,,,0,0,0,,0,0,,0,0,0,0,0,0,0,0,0,0,0,0,0,0,0,0,0,0,0,0,0,0,0,0,0,0,0,0,0,0,0,0,0,0,0,0,0,0,0,0,0,0,0,0,0,0,0,0,0,0,0,0,0,0,0,0,0,0,0,0,0,0,0,0,0,0,0,0,0,0,0,0,0,0,0,0,0,0,0,0,0,0,0,0,0,0,0,0,0,0,0,0,0,0,0,0,0,0,0,0,0,0,0,0,0,0,0,0,0,0,0,0,0,0,0,0,0,0,0,0,0,0,0,0,0,0,0,0,0,0,0,0,0,0,0,0,0,0,0,0,0,0,0,0,0,0,0,0,0,0,0,0,0,0,0,0,0,0,0,0,0,0,0,0,0,0,0,0,0
77,77,30,90,0,0,0,0,163868,93625,COLUMBO 8P,TWILIGHT ZONE SU OTO,,,2016-02-21 21:30:00,2016-02-21 20:00:00,0,0,0,0,0.3057,0.5351,0.4355,0.2452,0,0,,,,,0,0,172965,307176,MET,0,,0,0,0,,,0,0,0,0,,0,0,,,0,0,0,,0,0,,0,0,0,0,0,0,0,0,0,0,0,0,0,0,0,0,0,0,0,0,0,0,0,0,0,0,0,0,0,0,0,0,0,0,0,0,0,0,0,0,0,0,0,0,0,0,0,0,0,0,0,0,0,0,0,0,0,0,0,0,0,0,0,0,0,0,0,0,0,0,0,0,0,0,0,0,0,0,0,0,0,0,0,0,0,0,0,0,0,0,0,0,0,0,0,0,0,0,0,0,0,0,0,0,0,0,0,0,0,0,0,0,0,0,0,0,0,0,0,0,0,0,0,0,0,0,0,0,0,0,0,0,0,0,0,0,0,0,0,0,0,0,0,0,0,0,0,0,0,0,0,0,0,0,0,0,0,0,0,0,0,0,0,0,0,0,0,0,0
78,78,0,60,0,0,0,0,0,0,TOP 100 RIGHT NOW,,,,0,2016-02-21 21:00:00,0,0,0,0,0,0,0.0084,0,0,0,,2015 TOP 100 60-41 9P,,,0,0,0,5944,MLB,0,,0,0,0,,,0,0,0,0,,0,0,,,0,0,0,,0,0,,0,22698,3853,1.71,2.27,11676,0,9448,1639,0,0,13301,0,1639,3169,1.71,21139,0,0,0,0,22698,0,0,0,0,0,0,0,13888,0,0,8507,0,0,0,0,0,0,11676,9448,0,0,0,0,0,1.81,0,0,0,0,2.23,8507,3169,0,3853,0,0,1.71,0,0,0,0,0,1639,0,0,0,3169,2.27,6108,2.27,0,8507,0,0,0,0,0,0,0,1639,0,0,0,0,0,2.23,0,0,0,0,1.81,0,0,0,22698,6108,0,0,0,11676,1639,0,0,0,0,0,3661,0,0,0,0,0,0,0,6108,21139,0,0,3661,0,0,0,0,0,0,3853,0,0,0,21139,13888,0,0,0,0,0,0,0,0,0,0,1.81,13301,0,0,6108,0,0,6108,0,0,0,0,0,0,13301,0,9448,0,0,0,3661,2.23,0,1639,13888,6108
79,79,0,60,0,0,0,0,93864,0,MSNBC INVESTIGATES,,,,0,2016-02-21 21:00:00,0,0,0,0,0,0.3065,0.3463,0,0,0,,LCKDUP ABRD:BCKSTABD/THAILND-MNMI0461H,,,0,0,0,244292,MSNBC,60,MSNBC SPECIAL,8:00:00 PM,18254,4.06,CAUGHT/CAM:ARMED AND DANGEROUS-MNMS0513H,MSNBC SPECIAL,60,8.954,18254,8:00:00 PM,CAUGHT/CAM:ARMED AND DANGEROUS-MNMS0513H,0,0,,,0,0,0,,0,0,,0,0,0,0,0,0,0,0,0,0,0,0,0,0,0,0,0,0,0,0,0,0,0,0,0,0,0,0,0,0,0,0,0,0,0,0,0,0,0,0,0,0,0,0,0,0,0,0,0,0,0,0,0,0,0,0,0,0,0,0,0,0,0,0,0,0,0,0,0,0,0,0,0,0,0,0,0,0,0,0,0,0,0,0,0,0,0,0,0,0,0,0,0,0,0,0,0,0,0,0,0,0,0,0,0,0,0,0,0,0,0,0,0,0,0,0,0,0,0,0,0,0,0,0,0,0,0,0,0,0,0,0,0,0,0,0,0,0,0,0,0,0,0,0,0,0,0,0,0,0,0,0,0,0,0,0,0,0,0,0,0,0,0,0,0,0,0,0,0
80,80,35,35,0,0,0,0,135063,142300,RIDICULOUSNESS SSN5,RIDICULOUSNESS SSN6,,,2016-02-21 21:30:00,2016-02-21 20:55:00,0,0,0,0,0.4647,0.4411,0.5742,0.5908,0,0,RIDICULOU 0606,RIDICULOU 0516,,,0,0,416732,404995,MTV,0,,0,0,0,,,0,0,0,0,,0,0,,,0,0,0,,0,0,,0,94927,22998,1.46,1.34,99450,0,43610,9874,12312,0,65179,0,9222,40190,1.44,144783,0,0,12312,0,101633,0,0,0,0,0.0247,2443,0,39283,0,0,55674,0,0,0,0,0,0,91857,47381,0,0,0,0,0,1.46,1608,0,0,0,1.35,59260,40190,0,22998,0,0,1.44,0,0,0,2443,0,11665,0,0,0,36183,1.34,24826,1.34,0,59260,0,0,0,0,0,0,0,11665,0,0,0,0,0,1.35,0.0468,0,0,0,1.46,0,0,0,101633,29372,0,0,0,99450,9222,0,0,0,0,0,15696,0,0,0,3294,0,0.0468,0,17060,144783,0,0,15696,0,0,0,0,0,0,21569,0,0,0,134532,33212,0,0,0,0,0,0,0,0,3294,8785,1.46,70379,0,0,17060,652,0,29372,0,0,0,0,0,0,70379,0,47381,0,0,0,13321,1.35,0,9222,39283,16041
81,81,30,30,0,0,0,0,108265,78269,MARTIN,MARTIN,,,2016-02-21 21:30:00,2016-02-21 21:00:00,0,0,0,0,0.2556,0.3535,0.2854,0.2307,0,0,MARTIN- 211,MARTIN- 210,,,0,0,162697,201289,MTV2,0,,0,0,0,,,0,0,0,0,,0,0,,,0,0,0,,0,0,,0,624944,281485,1.36,1.21,612692,0,175485,108406,78050,0,461174,0,72218,161441,1.35,817429,0,0,78050,0,628234,0,0,0,1979,0.0045,36188,0,290476,0,0,441361,0,0,0,0,0.0032,0,596143,182923,0,0,0,0,0,1.33,2057,0,0,0,1.15,451251,161441,0,281485,0,0,1.35,0,0,0,36188,0,108406,0,0,0,154782,1.21,233977,1.21,0,451251,1979,0,0,0,0.0082,0,0,108406,0,0,0,0,0,1.15,0.0255,0,1979,0,1.34,0.0082,1979,0,628234,240662,0,0,0.0033,612692,72218,0,0,0,0,0,124901,0,0,0,11842,0,0.0255,0,162612,817429,0,0,124901,0,0,0,0,0,0,285689,0.0032,0,0,799863,283456,0,0,0,0,0,1979,0,0,11842,74566,1.33,464408,0,0,162612,36188,0,240662,0.0085,0,0,0,0,0,464408,0,182923,0,0,0,124901,1.15,1979,72218,290476,159411
82,82,0,60,0,0,0,0,0,0,PALABRA DE LADRON,,,,0,2016-02-21 21:00:00,0,0,0,0,0,0,0.0658,0,0,0,,,,,0,0,0,46415,MUNDOFOX,0,,0,0,0,,,0,0,0,0,,1.6677,7291,,CENTRAL FOX EN MUNDOFOX,60,10:00:00 PM,0,,0,0,,0,0,0,0,0,0,0,0,0,0,0,0,0,0,0,0,0,0,0,0,0,0,0,0,0,0,0,0,0,0,0,0,0,0,0,0,0,0,0,0,0,0,0,0,0,0,0,0,0,0,0,0,0,0,0,0,0,0,0,0,0,0,0,0,0,0,0,0,0,0,0,0,0,0,0,0,0,0,0,0,0,0,0,0,0,0,0,0,0,0,0,0,0,0,0,0,0,0,0,0,0,0,0,0,0,0,0,0,0,0,0,0,0,0,0,0,0,0,0,0,0,0,0,0,0,0,0,0,0,0,0,0,0,0,0,0,0,0,0,0,0,0,0,0,0,0,0,0,0,0,0,0,0,0,0,0,0,0,0,0,0,0,0,0,0,0,0,0,0
83,83,0,60,0,0,0,0,308503,0,WICKED TUNA,,,,0,2016-02-21 21:00:00,0,0,0,0,0,1.0074,1.0125,0,0,0,,BLUEFIN BEATDOWN,,,0,0,0,714181,NATGEO,0,,0,0,0,,,0,0,0,0,,0,0,,,0,0,0,,0,0,,0,0,0,0,0,0,21414,0,0,0,1.15,0,1685980,0,0,0,0,0.0172,918213,0,781955,0,1057314,525135,650829,0,0,0,24551,0,1205522,800691,0,2015353,513995,0.0242,800691,0,0.045,0,0,267384,1643640,0,1359172,1565963,0,0,1749346,0.0199,1.15,0,0,0,0,0,353236,1749346,0,0,623657,624708,0,650829,0,1.15,918213,0,0,0,0,0,1.15,0,0,347388,480821,0.0267,0,2015353,21235,0,1.15,124351,513995,0,0.0267,0,0,997117,0,1643640,0,0,0,1424348,0,0,28394,471739,0,0,0,21235,0.0126,21235,1.13,480821,0,24502,0.014,541451,0,127585,0,1.15,0,0,21235,32524,0,0.0186,541451,1235351,0.0442,0,1424348,0,0,1.15,127585,0,0,480458,1.14,577217,1235351,0.0442,0,1.11,24551,0,0,0,0,24551,875700,0,0,21235,0,0,250992,353236,1933482,267384,1057314,0,1.13,0,0.0158,1.15,623657,0,0,0,0,0,0
84,84,0,60,0,0,0,0,61829,0,SECRET LIFE OF ELEPHANTS,,,,0,2016-02-21 21:00:00,0,0,0,0,0,0.2019,0.22,0,0,0,,TRIAL BY FIRE,,,0,0,0,155192,NATGEOWILD,0,,0,0,0,,,0,0,0,0,,0,0,,,0,0,0,,0,0,,0,3556,903,1.29,1.34,2837,0,1863,407,407,0,2766,0,0,1934,1.29,3716,0,0,407,0,3556,0,0,0,0,0,407,0,544,0,0,903,0,0,0,0,0,0,2837,1863,0,0,0,0,0,1.31,0,0,0,0,1.34,903,1934,0,903,0,0,1.29,0,0,0,407,0,407,0,0,0,1934,1.34,407,1.34,0,903,0,0,0,0,0,0,0,407,0,0,0,0,0,1.34,0,0,0,0,1.31,0,0,0,3556,407,0,0,0,2837,0,0,0,0,0,0,544,0,0,0,0,0,0,0,0,3716,0,0,544,0,0,0,0,0,0,903,0,0,0,3716,544,0,0,0,0,0,0,0,0,0,407,1.31,2766,0,0,0,407,0,407,0,0,0,0,0,0,2766,0,1863,0,0,0,544,1.34,0,0,544,0
85,85,0,121,0,0,0,0,65631,0,NBA GAMETIME LIVE,,,,0,2016-02-21 20:59:00,0,0,0,0,0,0.2143,0.2204,0,0,0,,NBA GAMETIME LIVE 2,,,0,0,0,155494,NBA,0,,0,0,0,,,0,0,0,0,,0,0,,,0,0,0,,0,0,,0,12297,5148,1.29,1.35,10237,0,5311,2481,979,0,9561,0,1502,2253,1.29,13660,0,0,979,0,13451,0,0,0,0,0,979,0,6172,0,0,7052,0,0,0,0,0,0,9305,5311,0,0,0,0,0,1.33,0,0,0,0,1.36,7984,2253,0,5148,0,0,1.29,0,0,0,979,0,2481,0,0,0,2253,1.35,3649,1.35,0,7984,0,0,0,0,0,0,0,2481,0,0,0,0,0,1.36,0,0,0,0,1.33,0,0,0,13451,4581,0,0,0,10237,1502,0,0,0,0,0,3374,0,0,0,0,0,0,0,3602,13660,0,0,3374,0,0,0,0,0,0,4250,0,0,0,12404,4917,0,0,0,0,0,0,0,0,0,979,1.33,10459,0,0,3602,979,0,4581,0,0,0,0,0,0,10459,0,5311,0,0,0,3374,1.36,0,1502,6172,2670
86,86,0,120,0,0,0,0,1486825,0,DATELINE-SUN,,,,0,2016-02-21 21:00:00,0,0,0,0,0,4.8553,4.2711,0,0,0,,,,,0,0,0,3012626,NBC,120,VOICE-SUN,7:00:00 PM,20237,4.501,,VOICE-SUN,120,8.4184,17162,7:00:00 PM,,0,0,,,0,0,0,,0,0,,0,0,0,0,0,0,0,0,0,0,0,0,0,0,0,0,0,0,0,0,0,0,0,0,0,0,0,0,0,0,0,0,0,0,0,0,0,0,0,0,0,0,0,0,0,0,0,0,0,0,0,0,0,0,0,0,0,0,0,0,0,0,0,0,0,0,0,0,0,0,0,0,0,0,0,0,0,0,0,0,0,0,0,0,0,0,0,0,0,0,0,0,0,0,0,0,0,0,0,0,0,0,0,0,0,0,0,0,0,0,0,0,0,0,0,0,0,0,0,0,0,0,0,0,0,0,0,0,0,0,0,0,0,0,0,0,0,0,0,0,0,0,0,0,0,0,0,0,0,0,0,0,0,0,0,0,0,0,0,0,0,0,0,0,0,0,0,0,0
87,87,0,161,0,0,0,0,144095,0,NHL REGULAR SEASON  L,,,,0,2016-02-21 20:03:00,0,0,0,0,0,0.4706,0.5167,0,0,0,,ANAHEIM/DALLAS,,,0,0,0,364480,NBCSN,0,,0,0,0,,,0,0,0,0,,0,0,,,0,0,0,,0,0,,0,80626,38399,1.31,1.34,85660,0,25142,27653,7246,0,61723,0,23477,16041,1.31,115813,0,0,7246,0,83306,0,0,0,3769,0.0366,4620,0,65879,0,0,68080,0,0,0,0,0.044,0,84121,25142,0,0,1669,0,0,1.35,2259,0,0,0,1.34,69619,16041,0.0594,38399,0,0,1.31,0.0604,0,0,4620,0,28097,0,0,1669,16041,1.34,48454,1.34,0,69619,3769,0,0,0,0.0766,0,0,28097,0,0,0,0.0594,0,1.34,0.0356,0,3769,0,1.35,0.0766,3769,0,83306,49188,0,0,0.0448,85660,23033,0,0,0,0,0,37610,0,0,0,2259,0,0.0356,0,41942,115813,0,0,37610,0,0,0,0,1669,0,36581,0.044,0,0,113435,64903,0,0,0,0,0,3769,0,0,2259,7246,1.35,63541,0,0,41942,4620,0,49188,0.0778,0,0,0,0,0,63541,0,25142,0,0,0,37017,1.34,3769,23477,65879,41208
88,88,0,60,0,0,0,0,120183,0,FOOTBALL LIFE,,,,0,2016-02-21 21:00:00,0,0,0,0,0,0.3925,0.2921,0,0,0,,LYLE ALZADO,,,0,0,0,206017,NFL,0,,0,0,0,,,0,0,0,0,,0,0,,,0,0,0,,0,0,,0,34065,9904,1.33,1.42,23584,0,15493,2787,9190,0,25674,0,574,15360,1.33,32428,0,0,9190,0,34585,0,0,0,0,0,2213,0,19448,0,0,8224,0,0,0,0,0,0,23183,16175,0,0,0,0,0,1.38,0,0,0,0,1.45,8224,15360,0,9904,0,0,1.33,0,0,0,2213,0,2787,0,0,0,14959,1.42,13328,1.42,0,8224,0,0,0,0,0,0,0,2787,0,0,0,0,0,1.45,0,0,0,0,1.38,0,0,0,34585,13728,0,0,0,23584,574,0,0,0,0,0,4038,0,0,0,0,0,0,0,4538,32428,0,0,4038,0,0,0,0,0,0,10181,0,0,0,31909,18929,0,0,0,0,0,0,0,0,0,8789,1.38,26079,0,0,4538,2213,0,13728,0,0,0,0,0,0,26079,0,16175,0,0,0,4038,1.45,0,574,19448,4539
89,89,0,60,0,0,0,0,0,0,ALERTA AEROPUERTO,,,,0,2016-02-21 21:00:00,0,0,0,0,0,0,0.0812,0,0,0,,EPISODIO 4,,,0,0,0,57284,NGM,0,,0,0,0,,,0,0,0,0,,0,0,,,0,0,0,,0,0,,0,0,0,0,0,0,0,0,0,0,0,0,0,0,0,0,0,0,0,0,0,0,0,0,0,0,0,0,0,0,0,0,0,0,0,0,0,0,0,0,0,0,0,0,0,0,0,0,0,0,0,0,0,0,0,0,0,0,0,0,0,0,0,0,0,0,0,0,0,0,0,0,0,0,0,0,0,0,0,0,0,0,0,0,0,0,0,0,0,0,0,0,0,0,0,0,0,0,0,0,0,0,0,0,0,0,0,0,0,0,0,0,0,0,0,0,0,0,0,0,0,0,0,0,0,0,0,0,0,0,0,0,0,0,0,0,0,0,0,0,0,0,0,0,0,0,0,0,0,0,0,0,0,0,0,0,0,0,0,0,0,0,0,0,0,0,0,0,0
90,90,30,30,0,0,0,0,194715,157277,FULL HOUSE,FULL HOUSE,,,2016-02-21 21:30:00,2016-02-21 21:00:00,0,0,0,0,0.5136,0.6359,0.4762,0.5045,0,0,159 - THE TEST,158 - IS IT TRUE ABOUT STEPHANIE,,,0,0,355873,335913,NICK,30,FULL HOUSE,8:30:00 PM,2104,0.468,157 - THE PERFECT COUPLE,,0,0,0,0,,0,0,,,0,0,0,,0,0,,0,0,0,0,0,0,0,0,0,0,0,0,0,0,0,0,0,0,0,0,0,0,0,0,0,0,0,0,0,0,0,0,0,0,0,0,0,0,0,0,0,0,0,0,0,0,0,0,0,0,0,0,0,0,0,0,0,0,0,0,0,0,0,0,0,0,0,0,0,0,0,0,0,0,0,0,0,0,0,0,0,0,0,0,0,0,0,0,0,0,0,0,0,0,0,0,0,0,0,0,0,0,0,0,0,0,0,0,0,0,0,0,0,0,0,0,0,0,0,0,0,0,0,0,0,0,0,0,0,0,0,0,0,0,0,0,0,0,0,0,0,0,0,0,0,0,0,0,0,0,0,0,0,0,0,0,0,0,0,0,0,0,0,0,0,0,0,0,0
91,91,30,30,0,0,0,0,47634,52104,PAW PATROL,PAW PATROL,,,2016-02-21 21:30:00,2016-02-21 21:00:00,0,0,0,0,0.1701,0.1556,0.1384,0.152,0,0,115-PUPS SAVE A HOEDOWN/PUPS SAVE ALEX,121-PUPS SAVE A BAT/PUPS SAVE A TOOF,,,0,0,107181,97592,NICKJR,0,,0,0,0,,,0,0,0,0,,0,0,,,0,0,0,,0,0,,0,0,0,0,0,0,0,0,0,0,0,0,0,0,0,0,0,0,0,0,0,0,0,0,0,0,0,0,0,0,0,0,0,0,0,0,0,0,0,0,0,0,0,0,0,0,0,0,0,0,0,0,0,0,0,0,0,0,0,0,0,0,0,0,0,0,0,0,0,0,0,0,0,0,0,0,0,0,0,0,0,0,0,0,0,0,0,0,0,0,0,0,0,0,0,0,0,0,0,0,0,0,0,0,0,0,0,0,0,0,0,0,0,0,0,0,0,0,0,0,0,0,0,0,0,0,0,0,0,0,0,0,0,0,0,0,0,0,0,0,0,0,0,0,0,0,0,0,0,0,0,0,0,0,0,0,0,0,0,0,0,0,0,0,0,0,0,0,0
92,92,30,30,0,0,0,0,18723,17749,TEENAGE MUTAN NINJA TRT12,TEENAGE MUTAN NINJA TRT12,,,2016-02-21 21:30:00,2016-02-21 21:00:00,0,0,0,0,0.058,0.0611,0.165,0.1495,0,0,202-FOLLOW THE LEADER,201-THE MUTATION SITUATION,,,0,0,105463,116366,NICKTOON,0,,0,0,0,,,0,0,0,0,,0,0,,,0,0,0,,0,0,,0,0,0,0,0,0,0,0,0,0,0,0,0,0,0,0,0,0,0,0,0,0,0,0,0,0,0,0,0,0,0,0,0,0,0,0,0,0,0,0,0,0,0,0,0,0,0,0,0,0,0,0,0,0,0,0,0,0,0,0,0,0,0,0,0,0,0,0,0,0,0,0,0,0,0,0,0,0,0,0,0,0,0,0,0,0,0,0,0,0,0,0,0,0,0,0,0,0,0,0,0,0,0,0,0,0,0,0,0,0,0,0,0,0,0,0,0,0,0,0,0,0,0,0,0,0,0,0,0,0,0,0,0,0,0,0,0,0,0,0,0,0,0,0,0,0,0,0,0,0,0,0,0,0,0,0,0,0,0,0,0,0,0,0,0,0,0,0,0
93,93,0,180,0,0,0,0,51361,0,"BODYGUARD, THE",,,,0,2016-02-21 20:00:00,0,0,0,0,0,0.1677,0.1908,0,0,0,,"BODYGUARD, THE",,,0,0,0,134581,OVATION,0,,0,0,0,,,0,0,0,0,,0,0,,,0,0,0,,0,0,,0,52178,32784,1.45,1.34,67907,0,16874,11751,9913,0,35942,0,8359,26645,1.44,101561,0,0,9913,0,72947,0,0,0,0,0,7606,0,38570,0,0,23969,0,0,0,0,0,0,46587,21264,0,0,0,0,0,1.44,0,0,0,0,1.34,44418,26645,0,29485,0,0,1.43,0,0,0,7606,0,13932,0,0,0,22618,1.36,20485,1.36,0,41262,0,0,0,0,0,0,0,15965,0,0,0,0,0,1.33,0,0,0,0,1.45,0,0,0,77159,26407,0,0,0,71063,4145,0,0,0,0,0,21306,0,0,0,0,0,0,0,16494,97458,0,0,18650,0,0,0,0,0,0,19068,0,0,0,67733,27514,0,0,0,0,0,0,0,0,0,9678,1.43,50749,0,0,18526,7606,0,28439,0,0,0,0,0,0,54048,0,21264,0,0,0,15770,1.34,0,6326,35914,10807
94,94,0,150,0,0,0,0,131077,0,OWN MOVIE,,,,0,2016-02-21 20:00:00,0,0,0,0,0,0.428,0.4976,0,0,0,,GHOST,,,0,0,0,351008,OWN,0,,0,0,0,,,0,0,0,0,,0,0,,,0,0,0,,0,0,,0,300205,29390,1.66,1.69,213480,50734,151102,43374,68040,2.33,181290,1804685,10754,168622,1.66,354725,0.0358,836983,68040,607746,306858,1574621,694577,500735,1657,0.0088,33729,27869,149926,1045506,741065,44834,4528041,860646,0.0406,741771,0.0078,0.0705,209733,155408,336248,3611159,1431,1315919,3159162,1.66,1600,2134572,0.0354,2.32,1.63,45294,168622,0.0322,29390,265126,2133135,1.66,0.033,826495,416856,33729,500735,44483,2.2,836983,1431,164899,1.69,85699,1.69,1.88,44858,1431,232308,459595,0.0333,0.0161,4522919,27869,44483,2.12,162835,853920,0.0322,0.0333,1.62,0.0086,1308766,1431,3633492,1.66,0.0161,1657,1568266,307436,88767,55512,395143,0.0079,213916,11714,47510,0.0263,27869,1.85,459595,72147,55512,0.0233,849298,1600,194469,0.0087,1.88,20727,354153,27869,49746,72147,0.0233,849298,1279215,0.0606,1431,1549253,30188,0.0077,2.12,194469,347761,145228,759179,1.91,708173,1273926,0.0606,1431,1.76,49746,1600,64506,1.66,184798,27869,686157,20727,31660,27869,88767,0.0167,269301,265126,3975027,336248,1574621,185241,1.85,155851,0.0386,2.4,808188,70665,1.62,1657,10754,149926,21193
95,95,0,60,0,0,0,0,205051,0,SNAPPED,,,,0,2016-02-21 21:00:00,0,0,0,0,0,0.6696,0.4901,0,0,0,,1412 PAMELA PHILLIPS,,,0,0,0,345681,OXYGEN,60,SNAPPED,8:00:00 PM,2093,0.4655,1212 WENDY COBB,,0,0,0,0,,0,0,,,0,0,0,,0,0,,0,81133,30648,1.32,1.33,71811,0,28971,22352,14052,0,61688,0,10726,24093,1.32,95584,0,0,14052,0,81398,0,0,0,0,0,11626,0,52585,0,0,50032,0,0,0,0,0,0,71811,31040,0,0,0,0,0,1.33,0,0,0,0,1.32,47718,24093,0,30648,0,0,1.32,0,0,0,11626,0,22352,0,0,0,21779,1.33,39416,1.33,0,47718,0,0,0,0,0,0,0,22352,0,0,0,0,0,1.32,0,0,0,0,1.33,0,0,0,81398,39416,0,0,0,71811,12809,0,0,0,0,0,29522,0,0,0,0,0,0,0,25364,95584,0,0,29522,0,0,0,0,0,0,32717,0,0,0,95330,52331,0,0,0,0,0,0,0,0,0,11738,1.33,61688,0,0,25364,9543,0,39416,0,0,0,0,0,0,61688,0,31040,0,0,0,29522,1.32,0,10726,52585,27678
96,96,0,120,0,0,0,0,130206,0,"PRINCESS BRIDE, THE",,,,0,2016-02-21 20:00:00,0,0,0,0,0,0.4252,0.3674,0,0,0,,"PRINCESS BRIDE, THE",,,0,0,0,259122,POP,0,,0,0,0,,,0,0,0,0,,0.4897,2141,MOV-142025 13 GOING ON 30,13 GOING ON 30,120,10:00:00 PM,0,,0,0,,0,6401,543,1.3,1.34,5548,0,4939,2786,2786,0,4939,0,0,4869,1.3,7381,0,0,2786,0,7102,0,0,0,0,0,2786,0,4657,0,0,0,0,0,0,0,0,0,4869,4939,0,0,0,0,0,1.33,0,0,0,0,1.34,679,4869,0,543,0,0,1.3,0,0,0,2786,0,2786,0,0,0,4869,1.34,2786,1.34,0,679,0,0,0,0,0,0,0,2786,0,0,0,0,0,1.34,0,0,0,0,1.33,0,0,0,7102,3464,0,0,0,5548,0,0,0,0,0,0,3733,0,0,0,0,0,0,0,678,7381,0,0,3733,0,0,0,0,0,0,0,0,0,0,6457,3733,0,0,0,0,0,0,0,0,0,2786,1.33,5482,0,0,678,2786,0,3464,0,0,0,0,0,0,5482,0,4939,0,0,0,3733,1.34,0,0,4657,0
97,97,0,150,0,0,0,0,190023,0,MOVIES,,,,0,2016-02-21 20:00:00,0,0,0,0,0,0.6205,0.6255,0,0,0,,LETHAL WEAPON 1,,,0,0,0,441173,REELZ,0,,0,0,0,,,0,0,0,0,,0,0,,,0,0,0,,0,0,,0,0,0,0,0,0,0,0,0,0,0,0,0,0,0,0,0,0,0,0,0,0,0,0,0,0,0,0,0,0,0,0,0,0,0,0,0,0,0,0,0,0,0,0,0,0,0,0,0,0,0,0,0,0,0,0,0,0,0,0,0,0,0,0,0,0,0,0,0,0,0,0,0,0,0,0,0,0,0,0,0,0,0,0,0,0,0,0,0,0,0,0,0,0,0,0,0,0,0,0,0,0,0,0,0,0,0,0,0,0,0,0,0,0,0,0,0,0,0,0,0,0,0,0,0,0,0,0,0,0,0,0,0,0,0,0,0,0,0,0,0,0,0,0,0,0,0,0,0,0,0,0,0,0,0,0,0,0,0,0,0,0,0,0,0,0,0,0,0
98,98,135,135,0,0,0,0,22385,9628,EL REY ALL DAY SUN 5,EL REY ALL DAY SUN 6,,,2016-02-21 21:45:00,2016-02-21 19:30:00,0,0,0,0,0.0314,0.0731,0.0614,0.0403,0,0,LION VS. LION,MAGNIFICENT WANDERERS,,,0,0,28458,43280,REY,0,,0,0,0,,,0,0,0,0,,0,0,,,0,0,0,,0,0,,0,0,0,0,0,0,0,0,0,0,0,0,0,0,0,0,0,0,0,0,0,0,0,0,0,0,0,0,0,0,0,0,0,0,0,0,0,0,0,0,0,0,0,0,0,0,0,0,0,0,0,0,0,0,0,0,0,0,0,0,0,0,0,0,0,0,0,0,0,0,0,0,0,0,0,0,0,0,0,0,0,0,0,0,0,0,0,0,0,0,0,0,0,0,0,0,0,0,0,0,0,0,0,0,0,0,0,0,0,0,0,0,0,0,0,0,0,0,0,0,0,0,0,0,0,0,0,0,0,0,0,0,0,0,0,0,0,0,0,0,0,0,0,0,0,0,0,0,0,0,0,0,0,0,0,0,0,0,0,0,0,0,0,0,0,0,0,0,0
99,99,30,30,0,0,0,0,0,0,"MARTY STUART SHOW,THE",JOEY AND RORY SHOW,,,2016-02-21 21:30:00,2016-02-21 21:00:00,0,0,0,0,0,0,0.0034,0.022,0,0,,,,,0,0,15546,2394,RFDTV,0,,0,0,0,,,0,0,0,0,,0,0,,,0,0,0,,0,0,,0,0,0,0,0,0,0,0,0,0,0,0,0,0,0,0,0,0,0,0,0,0,0,0,0,0,0,0,0,0,0,0,0,0,0,0,0,0,0,0,0,0,0,0,0,0,0,0,0,0,0,0,0,0,0,0,0,0,0,0,0,0,0,0,0,0,0,0,0,0,0,0,0,0,0,0,0,0,0,0,0,0,0,0,0,0,0,0,0,0,0,0,0,0,0,0,0,0,0,0,0,0,0,0,0,0,0,0,0,0,0,0,0,0,0,0,0,0,0,0,0,0,0,0,0,0,0,0,0,0,0,0,0,0,0,0,0,0,0,0,0,0,0,0,0,0,0,0,0,0,0,0,0,0,0,0,0,0,0,0,0,0,0,0,0,0,0,0,0
100,100,0,60,0,0,0,0,213899,0,MYTHBUSTERS,,,,0,2016-02-21 21:00:00,0,0,0,0,0,0.6985,0.5770000000000001,0,0,0,,,,,0,0,0,406957,SCIENCE,60,MYTHBUSTERS,8:00:00 PM,13090,2.9114,,,0,0,0,0,,2.011,8792,,MYTHBUSTERS,60,10:00:00 PM,4.8867,MYTHBUSTERS,60,10:00:00 PM,,8792,487519,59537,1.24,1.24,454616,55735,334653,145757,217670,2.08,394665,3134083,28043,359526,1.24,574062,0.0287,1585089,217670,1347860,507169,3352577,1682782,1062076,7066,0.0178,120589,32266,326683,2213734,1375573,93196,6610878,983376,0.0102,1375573,0.0155,0.0159,438625,350331,523013,5008975,1985,2314303,4820392,1.26,7006,3278129,0.0287,2.08,1.17,95090,359526,0.0134,59537,515134,3278129,1.24,0.0136,1029928,1033159,120589,1062076,148632,2.02,1585089,1985,345429,1.24,258560,1.24,2.12,95090,1985,493825,757787,0.0204,0.0076,6608824,15491,148632,2.02,235636,983376,0.0134,0.0204,1.17,0.0171,3214485,1985,5011102,1.26,0.0076,7066,2405501,507169,262468,69158,729461,0.0161,454616,25168,53599,0.0171,11620,2.31,757787,174160,69158,0.0215,1753918,7006,242653,0.0171,2.12,44798,574062,11620,70374,174160,0.0215,1753918,2294753,0.0153,1985,2405501,60012,0.0155,2.02,242653,552909,321481,920349,2.13,966443,2294753,0.0153,1985,2.31,70374,7006,217670,1.26,409868,32266,1511630,44798,120589,11620,262468,0.0077,478471,515134,6321036,523013,3352577,409868,2.31,350331,0.0241,2.08,1029928,170349,1.17,7066,28043,326683,40890
101,101,11,47,0,0,0,0,195419,103014,SHAMELESS S5,INTERSTITIAL BREAK,,,2016-02-21 21:49:00,2016-02-21 21:02:00,0,0,0,0,0.3364,0.6382,0.6039,0.3169,0,0,INTERSTITIAL BREAK,:07,,,0,0,223559,425982,SHO,0,,0,0,0,,,0,0,0,0,,0,0,,,0,0,0,,0,0,,0,0,0,0,0,0,0,0,0,0,0,0,0,0,0,0,0,0,0,0,0,0,0,0,0,0,0,0,0,0,0,0,0,0,0,0,0,0,0,0,0,0,0,0,0,0,0,0,0,0,0,0,0,0,0,0,0,0,0,0,0,0,0,0,0,0,0,0,0,0,0,0,0,0,0,0,0,0,0,0,0,0,0,0,0,0,0,0,0,0,0,0,0,0,0,0,0,0,0,0,0,0,0,0,0,0,0,0,0,0,0,0,0,0,0,0,0,0,0,0,0,0,0,0,0,0,0,0,0,0,0,0,0,0,0,0,0,0,0,0,0,0,0,0,0,0,0,0,0,0,0,0,0,0,0,0,0,0,0,0,0,0,0,0,0,0,0,0,0
102,102,0,60,0,0,0,0,69763,0,MIGHTY SHIPS,,,,0,2016-02-21 21:00:00,0,0,0,0,0,0.2278,0.1571,0,0,0,,THE BEST OF MIGHTY SHIPS,,,0,0,0,110839,SMITH,0,,0,0,0,,,0,0,0,0,,0,0,,,0,0,0,,0,0,,0,0,0,0,0,0,0,0,0,0,0,0,0,0,0,0,0,0,0,0,0,0,0,0,0,0,0,0,0,0,0,0,0,0,0,0,0,0,0,0,0,0,0,0,0,0,0,0,0,0,0,0,0,0,0,0,0,0,0,0,0,0,0,0,0,0,0,0,0,0,0,0,0,0,0,0,0,0,0,0,0,0,0,0,0,0,0,0,0,0,0,0,0,0,0,0,0,0,0,0,0,0,0,0,0,0,0,0,0,0,0,0,0,0,0,0,0,0,0,0,0,0,0,0,0,0,0,0,0,0,0,0,0,0,0,0,0,0,0,0,0,0,0,0,0,0,0,0,0,0,0,0,0,0,0,0,0,0,0,0,0,0,0,0,0,0,0,0,0
103,103,0,60,0,0,0,0,383311,0,BAR RESCUE,,,,0,2016-02-21 21:00:00,0,0,0,0,0,1.2517,1.187,0,0,0,,ALL TWERK & NO PAY,,,0,0,0,837262,SPIKE,62,BAR RESCUE,7:58:00 PM,7228,1.6076,BEACH RATS,BAR RESCUE,62,3.5455,7228,7:58:00 PM,BEACH RATS,0,0,,,0,0,0,,0,0,,0,331341,115753,1.33,1.37,337284,0,132206,82360,64716,0,248605,0,44478,142470,1.33,459866,0,0,64716,0,340555,0,0,0,2307,0.015,39314,0,224962,0,0,194075,0,0,0,0,0.0076,0,328519,139580,0,0,1185,0,0,1.36,3725,0,0,0,1.35,194814,142470,0.0141,116196,0,0,1.33,0.0144,0,0,39314,0,83792,0,0,1185,134444,1.37,158038,1.37,0,194814,1185,0,0,0,0.0088,0,0,83792,0,0,0,0.0141,0,1.35,0.0164,0,1452,0,1.36,0.0088,2573,0,340555,164794,0,0,0.006999999999999999,337284,45216,0,0,0,0,0,113370,0,0,0,4183,0,0.0164,0,100078,459866,0,0,113370,0,0,0,0,1185,0,116399,0.0076,0,0,448211,215924,0,0,0,0,0,1452,0,0,4183,59553,1.36,255776,0,0,100078,37144,0,164794,0.0075,0,0,0,0,0,255776,0,140023,0,0,0,111472,1.35,2573,44478,224962,98485
104,104,7,18,18,17,46503,48802,39762,46709,STELLA AND SAM,TODAYS BIRTHDAY,THOMAS AND FRIENDS,ANGELINA BALLERINA,2016-02-21 21:18:00,2016-02-21 21:00:00,0.1594,2016-02-21 21:42:00,0.1519,2016-02-21 21:25:00,0.1525,0.1298,0.1037,0.1131,0.1164,0.1173,BD,STS01031,ANB0479,TMS13310,82711,82073,79768,73129,SPROUT,0,,0,0,0,,,0,0,0,0,,1.433,6265,BBR01292,BERENSTAIN BEARS,19,10:00:00 PM,3.4822,BERENSTAIN BEARS,19,10:00:00 PM,BBR01292,6265,0,0,0,0,0,0,0,0,0,0,0,0,0,0,0,0,0,0,0,0,0,0,0,0,0,0,0,0,0,0,0,0,0,0,0,0,0,0,0,0,0,0,0,0,0,0,0,0,0,0,0,0,0,0,0,0,0,0,0,0,0,0,0,0,0,0,0,0,0,0,0,0,0,0,0,0,0,0,0,0,0,0,0,0,0,0,0,0,0,0,0,0,0,0,0,0,0,0,0,0,0,0,0,0,0,0,0,0,0,0,0,0,0,0,0,0,0,0,0,0,0,0,0,0,0,0,0,0,0,0,0,0,0,0,0,0,0,0,0,0,0,0,0,0,0,0,0,0,0,0,0,0,0,0,0,0,0,0,0,0,0,0,0,0,0,0,0,0
105,105,0,58,0,0,0,0,11892,0,BLACK SAILS 2,,,,0,2016-02-21 21:01:00,0,0,0,0,0,0.0388,0.0736,0,0,0,,206,,,0,0,0,51907,STARZ,0,,0,0,0,,,0,0,0,0,,0,0,,,0,0,0,,0,0,,0,0,0,0,0,0,0,0,0,0,0,0,0,0,0,0,0,0,0,0,0,0,0,0,0,0,0,0,0,0,0,0,0,0,0,0,0,0,0,0,0,0,0,0,0,0,0,0,0,0,0,0,0,0,0,0,0,0,0,0,0,0,0,0,0,0,0,0,0,0,0,0,0,0,0,0,0,0,0,0,0,0,0,0,0,0,0,0,0,0,0,0,0,0,0,0,0,0,0,0,0,0,0,0,0,0,0,0,0,0,0,0,0,0,0,0,0,0,0,0,0,0,0,0,0,0,0,0,0,0,0,0,0,0,0,0,0,0,0,0,0,0,0,0,0,0,0,0,0,0,0,0,0,0,0,0,0,0,0,0,0,0,0,0,0,0,0,0,0
106,106,0,240,0,0,0,0,107380,0,ACCESS MOVIE 1,,,,0,2016-02-21 18:00:00,0,0,0,0,0,0.3507,0.4065,0,0,0,,BRAVEHEART,,,0,0,0,286749,SUND,0,,0,0,0,,,0,0,0,0,,0,0,,,0,0,0,,0,0,,0,0,0,0,0,0,0,0,0,0,0,0,0,0,0,0,0,0,0,0,0,0,0,0,0,0,0,0,0,0,0,0,0,0,0,0,0,0,0,0,0,0,0,0,0,0,0,0,0,0,0,0,0,0,0,0,0,0,0,0,0,0,0,0,0,0,0,0,0,0,0,0,0,0,0,0,0,0,0,0,0,0,0,0,0,0,0,0,0,0,0,0,0,0,0,0,0,0,0,0,0,0,0,0,0,0,0,0,0,0,0,0,0,0,0,0,0,0,0,0,0,0,0,0,0,0,0,0,0,0,0,0,0,0,0,0,0,0,0,0,0,0,0,0,0,0,0,0,0,0,0,0,0,0,0,0,0,0,0,0,0,0,0,0,0,0,0,0,0
107,107,0,120,0,0,0,0,484806,0,SYFY MOVIE,,,,0,2016-02-21 21:00:00,0,0,0,0,0,1.5832,1.1381,0,0,0,,RESIDENT EVIL: EXTINCTION,,,0,0,0,802791,SYFY,0,,0,0,0,,,0,0,0,0,,0,0,,,0,0,0,,0,0,,0,325744,119460,1.39,1.42,301828,0,121114,77593,48184,0,234150,0,54663,115003,1.4,434164,0,0,47936,0,348823,0,0,0,1187,0.0066,34844,0,194218,0,0,173042,0,0,0,0,0.0039,0,281527,127965,0,0,0,0,0,1.43,1541,0,0,0,1.44,187488,112515,0,121254,0,0,1.4,0,0,0,34844,0,89507,0,0,0,108485,1.45,118439,1.45,0,189313,0,0,0,0,0,0,0,89507,0,0,0,0,0,1.44,0.0114,0,0,0,1.42,0,1187,0,350018,133809,0,0,0.0042,302491,44441,0,0,0,0,0,129015,0,0,0,2843,0,0.0114,0,85873,432931,0,0,129015,0,0,0,0,0,0,113036,0.0039,0,0,399447,168318,0,0,0,0,0,0,0,0,2843,45960,1.44,249219,0,0,85873,33152,0,134057,0,0,0,0,0,0,249868,0,130408,0,0,0,111882,1.44,1187,54663,193898,72479
108,108,0,120,0,0,0,0,423299,0,"CAMPAIGN, THE",,,,0,2016-02-21 20:00:00,0,0,0,0,0,1.3823,1.7221,0,0,0,,"CAMPAIGN, THE",,,0,0,0,1214663,TBS,0,,0,0,0,,,0,0,0,0,,0,0,,,0,0,0,,0,0,,0,201134,47797,1.43,1.43,160459,0,91810,46249,53670,0,140230,0,20074,92216,1.44,235717,0,0,53670,0,208218,0,0,0,1365,0.01,28981,0,138512,0,0,66022,0,0,0,0,0.0085,0,153922,97102,0,0,442,0,0,1.47,1399,0,0,0,1.49,68243,92216,0.009,47797,0,0,1.44,0.0096,0,0,28981,0,49055,0,0,442,87900,1.44,91385,1.44,0,68243,783,0,0,0,0.0081,0,0,49055,0,0,0,0.009000000000000001,0,1.51,0.0097,0,783,0,1.47,0.0081,1365,0,208218,96394,0,0,0.0089,160459,19493,0,0,0,0,0,74020,0,0,0,1399,0,0.0097,0,42724,235717,0,0,74020,0,0,0,0,442,0,48420,0.0085,0,0,225800,130609,0,0,0,0,0,783,0,0,1399,51090,1.47,144899,0,0,42724,26756,0,96394,0.0086,0,0,0,0,0,144899,0,97102,0,0,0,69044,1.51,1365,20074,138512,40295
109,109,30,30,0,0,0,0,20589,25591,ICARLY,ICARLY,,,2016-02-21 21:30:00,2016-02-21 21:00:00,0,0,0,0,0.0836,0.0672,0.0731,0.0995,0,0,125-IHAVE A LOVE SICK TEACHER,124-IWIN A DATE,,,0,0,70195,51583,TEENNICK,30,ICARLY,8:30:00 PM,2329,0.518,123-IFENCE,,0,0,0,0,,0,0,,,0,0,0,,0,0,,0,0,0,0,0,0,0,0,0,0,0,0,0,0,0,0,0,0,0,0,0,0,0,0,0,0,0,0,0,0,0,0,0,0,0,0,0,0,0,0,0,0,0,0,0,0,0,0,0,0,0,0,0,0,0,0,0,0,0,0,0,0,0,0,0,0,0,0,0,0,0,0,0,0,0,0,0,0,0,0,0,0,0,0,0,0,0,0,0,0,0,0,0,0,0,0,0,0,0,0,0,0,0,0,0,0,0,0,0,0,0,0,0,0,0,0,0,0,0,0,0,0,0,0,0,0,0,0,0,0,0,0,0,0,0,0,0,0,0,0,0,0,0,0,0,0,0,0,0,0,0,0,0,0,0,0,0,0,0,0,0,0,0,0,0,0,0,0,0
110,110,0,150,0,0,0,0,73306,0,CINE EXCLUSIVO U II,,,,0,2016-02-21 20:30:00,0,0,0,0,0,0.2394,1.6,0,0,0,,TOTAL RECALL,,,0,0,0,1128566,TELEMUNDO,0,,0,0,0,,,0,0,0,0,,0,0,,,0,0,0,,0,0,,0,0,0,0,0,0,0,0,0,0,0,0,0,0,0,0,0,0,0,0,0,0,0,0,0,0,0,0,0,0,0,0,0,0,0,0,0,0,0,0,0,0,0,0,0,0,0,0,0,0,0,0,0,0,0,0,0,0,0,0,0,0,0,0,0,0,0,0,0,0,0,0,0,0,0,0,0,0,0,0,0,0,0,0,0,0,0,0,0,0,0,0,0,0,0,0,0,0,0,0,0,0,0,0,0,0,0,0,0,0,0,0,0,0,0,0,0,0,0,0,0,0,0,0,0,0,0,0,0,0,0,0,0,0,0,0,0,0,0,0,0,0,0,0,0,0,0,0,0,0,0,0,0,0,0,0,0,0,0,0,0,0,0,0,0,0,0,0,0
111,111,0,60,0,0,0,0,541109,0,SISTER WIVES TELL ALL,,,,0,2016-02-21 21:00:00,0,0,0,0,0,1.767,1.8023,0,0,0,,,,,0,0,0,1271232,TLC,60,SISTER WIVES,8:00:00 PM,6389,1.421,,SISTER WIVES,60,3.134,6389,8:00:00 PM,,0,0,,,0,0,0,,0,0,,0,649822,180476,1.54,1.63,561631,0,256748,109169,101296,0,421495,0,60441,260197,1.55,878387,0,0,101296,0,692741,0,0,0,1215,0.0047,58407,0,359736,0,0,273283,0,0,0,0,0.005,0,525123,266106,0,0,442,0,0,1.56,1986,0,0,0,1.6,302437,259690,0.0037,179972,0,0,1.56,0.004,0,0,58407,0,118848,0,0,442,251840,1.65,202758,1.64,0,301941,442,0,0,0,0.002,0,0,118848,0,0,0,0.0037,0,1.63,0.0069,0,442,0,1.55,0.002,2836,0,697740,218152,0,0,0.0023,562634,51360,0,0,0,0,0,194160,0,0,0,3113,0,0.007,0,116856,874480,0,0,194160,0,0,0,0,442,0,164747,0.005,0,0,813339,330030,0,0,0,0,0,442,0,0,3113,99525,1.56,446078,0,0,116856,57809,0,218152,0.0022,0,0,0,0,0,448007,0,267531,0,0,0,174295,1.63,2836,60441,358629,103233
112,112,0,150,0,0,0,0,743128,0,TNT BIG PICTURE MOVIES,,,,0,2016-02-21 20:00:00,0,0,0,0,0,2.4267,1.8953,0,0,0,,TYLER PARRYS I CAN DO BAD,,,0,0,0,1336879,TNT,0,,0,0,0,,,0,0,0,0,,0,0,,,0,0,0,,0,0,,0,377574,15965,1.43,1.43,299085,42719,247490,103297,130118,2.19,263455,4089627,10144,262953,1.45,435614,0.0119,1847761,130118,1988856,385840,3947185,2844111,1251660,2950,0.0105,93948,2645,209908,2711936,2064687,34765,8817684,1406805,0.0015,2064687,0.0099,0.0021,294732,250503,596101,7857297,0,3472235,7649068,1.46,2776,4226360,0.0119,2.19,1.43,36415,262669,0,15966,872622,4223849,1.45,0,1525390,1211294,93948,1249149,104092,2.09,1845250,0,259967,1.45,142837,1.45,2.13,36416,0,859877,1279615,0.0014,0,8796044,2645,104092,2.08,400402,1406805,0,0.0014,1.46,0.0104,3824600,0,7878421,1.44,0,2950,3590077,386230,144819,42719,1260279,0.01,299368,10145,31617,0.0077,2645,2.27,1282126,152244,42719,0.0075,2906865,2776,409504,0.0104,2.14,14701,435227,2645,31617,152244,0.0075,2899044,2817044,0.0021,0,3587496,15965,0.0099,2.09,409504,424741,204148,1377691,2.14,1483379,2819555,0.0021,0,2.26,31617,2776,129323,1.46,266469,2645,1787512,14701,93152,2645,144819,0,576218,870111,8536968,596101,3939364,266762,2.27,250797,0.0123,2.2,1522809,148057,1.46,2950,10144,209908,13514
113,113,0,60,0,0,0,0,109033,0,ANTHONY BOURDAIN NO RSRV,,,,0,2016-02-21 21:00:00,0,0,0,0,0,0.3561,0.4243,0,0,0,,PENANG,,,0,0,0,299304,TRAVEL,60,NO RESERVATIONS REPACK,8:00:00 PM,3168,0.7046,SOUTHERN HEMISPHERE FILES - VOLUME 3,NO RESERVATIONS REPACK,60,1.554,3168,8:00:00 PM,SOUTHERN HEMISPHERE FILES - VOLUME 3,0,0,,,0,0,0,,0,0,,0,384577,84458,1.52,1.52,346092,0,168348,83082,86487,0,253782,0,45457,181957,1.52,517277,0,0,86122,0,396431,0,0,0,7734,0.0332,43599,0,265185,0,0,158291,0,0,0,0,0.0223,0,334049,175296,0,0,510,0,0,1.49,8423,0,0,0,1.66,164135,181593,0.0057,84759,0,0,1.53,0.0061,0,0,43599,0,89056,0,0,510,175758,1.53,162644,1.53,0,164499,510,0,0,0,0.003,0,0,89056,0,0,0,0.0057,0,1.69,0.0324,0,510,0,1.49,0.003,7734,0,397262,172799,0,0,0.0232,346092,41568,0,0,0,0,0,150622,0,0,0,8423,0,0.0324,0,86677,516424,0,0,149770,0,0,0,0,510,0,85434,0.0223,0,0,496193,246944,0,0,0,0,0,510,0,0,8423,82418,1.49,260055,0,0,86312,41514,0,172799,0.0031,0,0,0,0,0,260055,0,175597,0,0,0,137922,1.68,7734,45457,264332,80226
114,114,30,30,0,0,0,0,66677,41542,HACK MY LIFE,HACK MY LIFE,,,2016-02-21 21:30:00,2016-02-21 21:00:00,0,0,0,0,0.1357,0.2177,0.2328,0.2149,0,0,104,103,,,0,0,151609,164179,TRUTV,30,HACK MY LIFE,8:30:00 PM,26751,5.9499,107,,0,0,0,0,,0.7219,3156,105,HACK MY LIFE,30,10:00:00 PM,0,,0,0,,0,0,0,0,0,0,0,0,0,0,0,0,0,0,0,0,0,0,0,0,0,0,0,0,0,0,0,0,0,0,0,0,0,0,0,0,0,0,0,0,0,0,0,0,0,0,0,0,0,0,0,0,0,0,0,0,0,0,0,0,0,0,0,0,0,0,0,0,0,0,0,0,0,0,0,0,0,0,0,0,0,0,0,0,0,0,0,0,0,0,0,0,0,0,0,0,0,0,0,0,0,0,0,0,0,0,0,0,0,0,0,0,0,0,0,0,0,0,0,0,0,0,0,0,0,0,0,0,0,0,0,0,0,0,0,0,0,0,0,0,0,0,0,0,0,0,0,0,0,0,0,0,0,0,0,0,0,0,0,0,0,0,0,0,0,0,0,0,0
115,115,30,30,0,0,0,0,184526,147719,EVERYBODY LOVES RAYMOND,EVERYBODY LOVES RAYMOND,,,2016-02-21 21:30:00,2016-02-21 21:00:00,0,0,0,0,0.4824,0.6026,0.4724,0.4512,0,0,,,,,0,0,318238,333181,TVLAND,30,GOLDEN GIRLS,8:30:00 PM,2947,0.6555,,,0,0,0,0,,0,0,,,0,0,0,,0,0,,0,1008854,312916,1.49,1.43,758876,0,356055,177715,110008,0,677179,0,128372,260503,1.51,1089049,0,0,110008,0,1053795,0,0,0,13892,0.0195,52277,0,588916,0,0,469691,0,0,0,0,0.0183,0,720647,386059,0,0,0,0,0,1.43,13206,0,0,0,1.44,498373,260503,0,312916,0,0,1.51,0,0,0,52277,0,180649,0,0,0,250956,1.41,382404,1.41,0,498373,13457,0,0,0,0.0323,0,0,180649,0,0,0,0,0,1.44,0.0189,0,13457,0,1.45,0.0323,13892,0,1056835,416704,0,0,0.0193,758876,130149,0,0,0,0,0,259973,0,0,0,13206,0,0.0189,0,306696,1085988,0,0,259973,0,0,0,0,0,0,321124,0.0183,0,0,1043046,548011,0,0,0,0,0,13457,0,0,13206,101662,1.44,698975,0,0,306696,47566,0,416704,0.0352,0,0,0,0,0,698975,0,386059,0,0,0,256763,1.44,13892,128372,585855,280742
116,116,30,30,0,0,0,0,61328,47927,MARTIN,MARTIN,,,2016-02-21 21:30:00,2016-02-21 21:00:00,0,0,0,0,0.1565,0.2003,0.1825,0.1517,0,0,519,518,,,0,0,107017,128696,TVONE,0,,0,0,0,,,0,0,0,0,,0,0,,,0,0,0,,0,0,,0,206233,72563,1.21,1.15,192074,0,98070,43797,25842,0,170402,0,29354,55343,1.21,245589,0,0,25842,0,208422,0,0,0,0,0,14443,0,94353,0,0,147618,0,0,0,0,0,0,191507,100240,0,0,0,0,0,1.24,0,0,0,0,1.21,143457,48617,0,72162,0,0,1.2,0,0,0,14443,0,43797,0,0,0,43889,1.15,81330,1.15,0,143457,0,0,0,0,0,0,0,43797,0,0,0,0,0,1.21,0,0,0,0,1.24,0,0,0,216030,81896,0,0,0,198800,29354,0,0,0,0,0,52914,0,0,0,0,0,0,0,56054,238904,0,0,52914,0,0,0,0,0,0,72332,0,0,0,238180,93630,0,0,0,0,0,0,0,0,0,21114,1.24,172402,0,0,56054,14443,0,81896,0,0,0,0,0,0,179521,0,106958,0,0,0,52914,1.21,0,29354,94353,60216
117,117,0,60,0,0,0,0,137732,0,WEATHER CENTER LIVE,,,,0,2016-02-21 21:00:00,0,0,0,0,0,0.4498,0.3204,0,0,0,,WINTER STORM COVERAGE,,,0,0,0,226008,TWC,60,WEATHER CENTER LIVE,8:00:00 PM,16872,3.7526,WINTER STORM COVERAGE,WEATHER CENTER LIVE,60,8.2761,16872,8:00:00 PM,WINTER STORM COVERAGE,0,0,,,0,0,0,,0,0,,0,0,0,0,0,0,0,0,0,0,0,0,0,0,0,0,0,0,0,0,0,0,0,0,0,0,0,0,0,0,0,0,0,0,0,0,0,0,0,0,0,0,0,0,0,0,0,0,0,0,0,0,0,0,0,0,0,0,0,0,0,0,0,0,0,0,0,0,0,0,0,0,0,0,0,0,0,0,0,0,0,0,0,0,0,0,0,0,0,0,0,0,0,0,0,0,0,0,0,0,0,0,0,0,0,0,0,0,0,0,0,0,0,0,0,0,0,0,0,0,0,0,0,0,0,0,0,0,0,0,0,0,0,0,0,0,0,0,0,0,0,0,0,0,0,0,0,0,0,0,0,0,0,0,0,0,0,0,0,0,0,0,0,0,0,0,0,0,0
118,118,0,120,0,0,0,0,2457,0,FUTBOL EN SERIO PUNTO,,,,0,2016-02-21 21:00:00,0,0,0,0,0,0.008,0.2231,0,0,0,,,,,0,0,0,157382,UDEP,0,,0,0,0,,,0,0,0,0,,0,0,,,0,0,0,,0,0,,0,0,0,0,0,0,0,0,0,0,0,0,0,0,0,0,0,0,0,0,0,0,0,0,0,0,0,0,0,0,0,0,0,0,0,0,0,0,0,0,0,0,0,0,0,0,0,0,0,0,0,0,0,0,0,0,0,0,0,0,0,0,0,0,0,0,0,0,0,0,0,0,0,0,0,0,0,0,0,0,0,0,0,0,0,0,0,0,0,0,0,0,0,0,0,0,0,0,0,0,0,0,0,0,0,0,0,0,0,0,0,0,0,0,0,0,0,0,0,0,0,0,0,0,0,0,0,0,0,0,0,0,0,0,0,0,0,0,0,0,0,0,0,0,0,0,0,0,0,0,0,0,0,0,0,0,0,0,0,0,0,0,0,0,0,0,0,0,0
119,119,0,150,0,0,0,0,78579,0,CINE DE LAS ESTREL SUN,,,,0,2016-02-21 20:00:00,0,0,0,0,0,0.2566,1.8391,0,0,0,,SHERLOCK HOLMES,,,0,0,0,1297226,UNIMAS,0,,0,0,0,,,0,0,0,0,,0,0,,,0,0,0,,0,0,,0,0,0,0,0,0,0,0,0,0,0,0,0,0,0,0,0,0,0,0,0,0,0,0,0,0,0,0,0,0,0,0,0,0,0,0,0,0,0,0,0,0,0,0,0,0,0,0,0,0,0,0,0,0,0,0,0,0,0,0,0,0,0,0,0,0,0,0,0,0,0,0,0,0,0,0,0,0,0,0,0,0,0,0,0,0,0,0,0,0,0,0,0,0,0,0,0,0,0,0,0,0,0,0,0,0,0,0,0,0,0,0,0,0,0,0,0,0,0,0,0,0,0,0,0,0,0,0,0,0,0,0,0,0,0,0,0,0,0,0,0,0,0,0,0,0,0,0,0,0,0,0,0,0,0,0,0,0,0,0,0,0,0,0,0,0,0,0,0
120,120,0,125,0,0,0,0,310923,0,NUESTRA BELLEZA SUN,,,,0,2016-02-21 20:00:00,0,0,0,0,0,1.0153,3.894,0,0,0,,,,,0,0,0,2746629,UNIVISION,0,,0,0,0,,,0,0,0,0,,0,0,,,0,0,0,,0,0,,0,0,0,0,0,0,0,0,0,0,0,0,0,0,0,0,0,0,0,0,0,0,0,0,0,0,0,0,0,0,0,0,0,0,0,0,0,0,0,0,0,0,0,0,0,0,0,0,0,0,0,0,0,0,0,0,0,0,0,0,0,0,0,0,0,0,0,0,0,0,0,0,0,0,0,0,0,0,0,0,0,0,0,0,0,0,0,0,0,0,0,0,0,0,0,0,0,0,0,0,0,0,0,0,0,0,0,0,0,0,0,0,0,0,0,0,0,0,0,0,0,0,0,0,0,0,0,0,0,0,0,0,0,0,0,0,0,0,0,0,0,0,0,0,0,0,0,0,0,0,0,0,0,0,0,0,0,0,0,0,0,0,0,0,0,0,0,0,0
121,121,0,60,0,0,0,0,3069,0,LARRYMANIA S3,,,,0,2016-02-21 21:00:00,0,0,0,0,0,0.01,0.0429,0,0,0,,,,,0,0,0,30238,UNVSO,0,,0,0,0,,,0,0,0,0,,0,0,,,0,0,0,,0,0,,0,0,0,0,0,0,0,0,0,0,0,0,0,0,0,0,0,0,0,0,0,0,0,0,0,0,0,0,0,0,0,0,0,0,0,0,0,0,0,0,0,0,0,0,0,0,0,0,0,0,0,0,0,0,0,0,0,0,0,0,0,0,0,0,0,0,0,0,0,0,0,0,0,0,0,0,0,0,0,0,0,0,0,0,0,0,0,0,0,0,0,0,0,0,0,0,0,0,0,0,0,0,0,0,0,0,0,0,0,0,0,0,0,0,0,0,0,0,0,0,0,0,0,0,0,0,0,0,0,0,0,0,0,0,0,0,0,0,0,0,0,0,0,0,0,0,0,0,0,0,0,0,0,0,0,0,0,0,0,0,0,0,0,0,0,0,0,0,0
122,122,0,120,0,0,0,0,27090,0,SUNDAY MOVIE,,,,0,2016-02-21 21:00:00,0,0,0,0,0,0.0885,0.1066,0,0,0,,MY MOTHERS FUTURE HUSBAND,,,0,0,0,75224,UP,0,,0,0,0,,,0,0,0,0,,0,0,,,0,0,0,,0,0,,0,44078,9808,1.36,1.43,36569,0,21857,13702,9457,1.89,32359,563479,7546,16598,1.38,51600,0,188355,9457,241804,44566,417333,168180,102940,0,0,6156,0,25581,356978,258731,20384,1118300,214922,0,262420,0,0,36569,22551,85415,963570,0,486293,934032,1.41,0,588730,0,1.88,1.32,19971,16598,0,9808,45586,585286,1.38,0,251948,100324,6156,99496,13702,1.93,184911,0,16185,1.43,17890,1.43,2.24,19971,0,41855,102981,0,0,1114520,0,13702,1.9,53946,214922,0,0,1.32,0,401684,0,967530,1.4,0,0,514368,44566,17890,0,95801,0,36569,7546,0,0,0,1.75,102981,18091,0,0,180049,0,57395,0,2.22,8433,51600,0,0,18091,0,180049,370364,0,0,510679,10502,0,1.9,57395,51152,25581,206501,2.26,244489,373808,0,0,1.76,0,0,9457,1.41,32359,0,177730,8433,6156,0,17890,0,77406,45586,1087319,85415,413553,32359,1.75,22551,0,1.92,251948,18091,1.32,0,7546,25581,8433
123,123,0,178,0,0,0,0,849550,0,"MOVIE, USA",,,,0,2016-02-21 20:02:00,0,0,0,0,0,2.7743,2.1876,0,0,0,,"MUMMY RETURNS, THE",,,0,0,0,1542990,USA,0,,0,0,0,,,0,0,0,0,,0,0,,,0,0,0,,0,0,,0,195977,40183,1.36,1.37,152401,0,100306,66301,45939,0,144056,0,29656,87113,1.36,207410,0,0,45939,0,196897,0,0,0,818,0.011,36645,0,119532,0,0,66805,0,0,0,0,0.0054,0,151329,104851,0,0,818,0,0,1.36,1589,0,0,0,1.38,65571,87113,0.0123,39905,0,0,1.36,0.0123,0,0,36645,0,66301,0,0,818,84524,1.37,86328,1.37,0,65288,818,0,0,0,0.0094,0,0,66301,0,0,0,0.0123,0,1.38,0.0178,0,818,0,1.36,0.0094,818,0,197255,87078,0,0,0.0054,152684,29656,0,0,0,0,0,91264,0,0,0,2579,0,0.0178,0,41139,207028,0,0,91264,0,0,0,0,818,0,43750,0.0054,0,0,205549,118500,0,0,0,0,0,818,0,0,2579,43904,1.36,144756,0,0,41139,36645,0,87078,0.0095,0,0,0,0,0,145034,0,104851,0,0,0,91264,1.38,818,29656,119532,42424
124,124,0,60,0,0,0,0,43217,0,STREET OUTLAWS,,,,0,2016-02-21 21:00:00,0,0,0,0,0,0.1411,0.1678,0,0,0,,,,,0,0,0,118361,VELOCITY,0,,0,0,0,,,0,0,0,0,,0,0,,,0,0,0,,0,0,,0,46867,18918,1.5,1.39,36941,0,12270,8657,5369,0,31341,0,6783,11402,1.49,55111,0,0,5369,0,47318,0,0,0,202,0.0195,2017,0,25064,0,0,25686,0,0,0,0,0.0055,0,36586,12774,0,0,202,0,0,1.49,611,0,0,0,1.32,25539,11402,0.023,18918,0,0,1.49,0.0233,0,0,2017,0,8800,0,0,202,10900,1.39,17859,1.39,0,25539,202,0,0,0,0.0112,0,0,8800,0,0,0,0.023,0,1.32,0.0193,0,202,0,1.49,0.0112,202,0,47318,18003,0,0,0.0055,36941,6640,0,0,0,0,0,11616,0,0,0,611,0,0.0193,0,12634,55111,0,0,11616,0,0,0,0,202,0,19071,0.0055,0,0,54647,24876,0,0,0,0,0,202,0,0,611,5174,1.49,31692,0,0,12634,2017,0,18003,0.0113,0,0,0,0,0,31692,0,12774,0,0,0,11428,1.32,202,6783,25064,12685
125,125,0,152,0,0,0,0,333047,0,DRUMLINE: A NEW BEAT,,,,0,2016-02-21 21:00:00,0,0,0,0,0,1.0876,0.8255,0,0,0,,DRUMLINE: A NEW BEAT,,,0,0,0,582298,VH1,0,,0,0,0,,,0,0,0,0,,0,0,,,0,0,0,,0,0,,0,59927,12206,1.34,1.66,43206,0,32129,9328,10595,0,44836,0,3174,27794,1.34,70960,0,0,10595,0,59927,0,0,0,0,0,6154,0,28017,0,0,16581,0,0,0,0,0,0,43206,32129,0,0,0,0,0,1.64,0,0,0,0,1.44,15412,27794,0,12707,0,0,1.34,0,0,0,6154,0,9328,0,0,0,26625,1.66,16920,1.66,0,15412,0,0,0,0,0,0,0,9328,0,0,0,0,0,1.44,0,0,0,0,1.64,0,0,0,59927,16920,0,0,0,43206,4342,0,0,0,0,0,13460,0,0,0,0,0,0,0,6325,70960,0,0,13460,0,0,0,0,0,0,12707,0,0,0,70960,28017,0,0,0,0,0,0,0,0,0,9427,1.64,44836,0,0,6325,4986,0,16920,0,0,0,0,0,0,44836,0,32630,0,0,0,13460,1.44,0,3174,28017,7493
126,126,0,180,0,0,0,0,43635,0,R&R PICTURE SHOWS,,,,0,2016-02-21 20:00:00,0,0,0,0,0,0.1425,0.1461,0,0,0,,ROCK DOCS: PEARL JAM TWEN,,,0,0,0,103016,VH1C,0,,0,0,0,,,0,0,0,0,,0,0,,,0,0,0,,0,0,,0,0,0,0,0,0,0,0,0,0,0,0,0,0,0,0,0,0,0,0,0,0,0,0,0,0,0,0,0,0,0,0,0,0,0,0,0,0,0,0,0,0,0,0,0,0,0,0,0,0,0,0,0,0,0,0,0,0,0,0,0,0,0,0,0,0,0,0,0,0,0,0,0,0,0,0,0,0,0,0,0,0,0,0,0,0,0,0,0,0,0,0,0,0,0,0,0,0,0,0,0,0,0,0,0,0,0,0,0,0,0,0,0,0,0,0,0,0,0,0,0,0,0,0,0,0,0,0,0,0,0,0,0,0,0,0,0,0,0,0,0,0,0,0,0,0,0,0,0,0,0,0,0,0,0,0,0,0,0,0,0,0,0,0,0,0,0,0,0
127,127,0,60,0,0,0,0,271521,0,CSI MIAMI,,,,0,2016-02-21 21:00:00,0,0,0,0,0,0.8867,0.5641,0,0,0,,09-11 F-T-F,,,0,0,0,397854,WE,0,,0,0,0,,,0,0,0,0,,0,0,,,0,0,0,,0,0,,0,88618,29653,1.31,1.36,79007,0,37693,25258,20219,0,67555,0,17262,36516,1.31,106391,0,0,20219,0,91524,0,0,0,0,0.0056,8526,0,57964,0,0,41226,0,0,0,0,0,0,76368,40164,0,0,0,0,0,1.35,375,0,0,0,1.35,42491,36516,0,29653,0,0,1.31,0,0,0,8526,0,25788,0,0,0,35142,1.36,40733,1.36,0,42491,0,0,0,0,0,0,0,25788,0,0,0,0,0,1.35,0.0054,0,0,0,1.35,0,0,0,91524,42638,0,0,0,79007,16732,0,0,0,0,0,34737,0,0,0,375,0,0.0054,0,22419,106391,0,0,34737,0,0,0,0,0,0,29862,0,0,0,102898,55433,0,0,0,0,0,0,0,0,375,18845,1.35,69817,0,0,22419,8526,0,42638,0,0,0,0,0,0,69817,0,40164,0,0,0,34030,1.35,0,17262,57964,21888
128,128,0,180,0,0,0,0,86061,0,FEATURE PRIME PRESENT.,,,,0,2016-02-21 19:00:00,0,0,0,0,0,0.281,0.3947,0,0,0,,ANY GIVEN SUNDAY,,,0,0,0,278403,WGN,0,,0,0,0,,,0,0,0,0,,0,0,,,0,0,0,,0,0,,0,0,0,0,0,0,0,0,0,0,0,0,0,0,0,0,0,0,0,0,0,0,0,0,0,0,0,0,0,0,0,0,0,0,0,0,0,0,0,0,0,0,0,0,0,0,0,0,0,0,0,0,0,0,0,0,0,0,0,0,0,0,0,0,0,0,0,0,0,0,0,0,0,0,0,0,0,0,0,0,0,0,0,0,0,0,0,0,0,0,0,0,0,0,0,0,0,0,0,0,0,0,0,0,0,0,0,0,0,0,0,0,0,0,0,0,0,0,0,0,0,0,0,0,0,0,0,0,0,0,0,0,0,0,0,0,0,0,0,0,0,0,0,0,0,0,0,0,0,0,0,0,0,0,0,0,0,0,0,0,0,0,0,0,0,0,0,0,0